source_file,timestamp
SWdisable_cpuintensive.json,2025-11-19T05:22:43.977262
SWdisable_cpuintensive.json,2025-11-19T05:22:47.961179
SWdisable_cpuintensive.json,2025-11-19T05:22:56.386061
SWdisable_cpuintensive.json,2025-11-19T05:23:04.972548
SWdisable_cpuintensive.json,2025-11-19T05:23:13.466022
SWdisable_cpuintensive.json,2025-11-19T05:23:22.022673
SWdisable_cpuintensive.json,2025-11-19T05:23:30.444878
SWdisable_cpuintensive.json,2025-11-19T05:23:38.811325
SWdisable_cpuintensive.json,2025-11-19T05:23:47.146109
SWdisable_cpuintensive.json,2025-11-19T05:23:55.494792
SWdisable_cpuintensive.json,2025-11-19T05:24:03.978021
SWdisable_cpuintensive.json,2025-11-19T05:24:12.375018
SWdisable_cpuintensive.json,2025-11-19T05:24:20.787376
SWdisable_cpuintensive.json,2025-11-19T05:24:29.191352
SWdisable_cpuintensive.json,2025-11-19T05:24:37.574089
SWdisable_cpuintensive.json,2025-11-19T05:24:45.972775
SWdisable_cpuintensive.json,2025-11-19T05:24:54.433188
SWdisable_cpuintensive.json,2025-11-19T05:25:02.857416
SWdisable_cpuintensive.json,2025-11-19T05:25:11.290323
SWdisable_cpuintensive.json,2025-11-19T05:25:19.703974
SWdisable_cpuintensive.json,2025-11-19T05:25:28.115074
SWdisable_cpuintensive.json,2025-11-19T05:25:36.554299
SWdisable_cpuintensive.json,2025-11-19T05:25:44.973426
SWdisable_cpuintensive.json,2025-11-19T05:25:53.454997
SWdisable_cpuintensive.json,2025-11-19T05:26:01.970416
SWdisable_cpuintensive.json,2025-11-19T05:26:10.494627
SWdisable_cpuintensive.json,2025-11-19T05:26:19.169385
SWdisable_cpuintensive.json,2025-11-19T05:26:27.693549
SWdisable_cpuintensive.json,2025-11-19T05:26:36.186209
SWdisable_cpuintensive.json,2025-11-19T05:26:44.618194
SWdisable_cpuintensive.json,2025-11-19T05:26:53.063489
SWdisable_cpuintensive.json,2025-11-19T05:27:01.518223
SWdisable_cpuintensive.json,2025-11-19T05:27:09.987363
SWdisable_cpuintensive.json,2025-11-19T05:27:18.467553
SWdisable_cpuintensive.json,2025-11-19T05:27:26.960237
SWdisable_cpuintensive.json,2025-11-19T05:27:35.414320
SWdisable_cpuintensive.json,2025-11-19T05:27:43.851994
SWdisable_cpuintensive.json,2025-11-19T05:27:52.353258
SWdisable_cpuintensive.json,2025-11-19T05:28:00.819752
SWdisable_cpuintensive.json,2025-11-19T05:28:09.257029
SWdisable_cpuintensive.json,2025-11-19T05:28:17.715396
SWdisable_cpuintensive.json,2025-11-19T05:28:26.153636
SWdisable_cpuintensive.json,2025-11-19T05:28:34.627818
SWdisable_cpuintensive.json,2025-11-19T05:28:43.042205
SWdisable_cpuintensive.json,2025-11-19T05:28:51.578342
SWdisable_cpuintensive.json,2025-11-19T05:29:00.007385
SWdisable_cpuintensive.json,2025-11-19T05:29:08.452269
SWdisable_cpuintensive.json,2025-11-19T05:29:16.942500
SWdisable_cpuintensive.json,2025-11-19T05:29:25.428210
SWdisable_cpuintensive.json,2025-11-19T05:29:33.891189
SWdisable_cpuintensive.json,2025-11-19T05:29:42.324481
SWdisable_cpuintensive.json,2025-11-19T05:29:50.851760
SWdisable_cpuintensive.json,2025-11-19T05:29:59.403633
SWdisable_cpuintensive.json,2025-11-19T05:30:07.846686
SWdisable_cpuintensive.json,2025-11-19T05:30:16.348854
SWdisable_cpuintensive.json,2025-11-19T05:30:24.859170
SWdisable_cpuintensive.json,2025-11-19T05:30:33.317462
SWdisable_cpuintensive.json,2025-11-19T05:30:41.765935
SWdisable_cpuintensive.json,2025-11-19T05:30:50.312044
SWdisable_cpuintensive.json,2025-11-19T05:30:58.779388
SWdisable_cpuintensive.json,2025-11-19T05:31:07.289436
SWdisable_cpuintensive.json,2025-11-19T05:31:15.697218
SWdisable_cpuintensive.json,2025-11-19T05:31:24.162668
SWdisable_cpuintensive.json,2025-11-19T05:31:32.606988
SWdisable_cpuintensive.json,2025-11-19T05:31:41.058543
SWdisable_cpuintensive.json,2025-11-19T05:31:49.521708
SWdisable_cpuintensive.json,2025-11-19T05:31:58.000345
SWdisable_cpuintensive.json,2025-11-19T05:32:06.443997
SWdisable_cpuintensive.json,2025-11-19T05:32:14.877111
SWdisable_cpuintensive.json,2025-11-19T05:32:23.390617
SWdisable_cpuintensive.json,2025-11-19T05:32:31.835244
SWdisable_cpuintensive.json,2025-11-19T05:32:40.337486
SWdisable_cpuintensive.json,2025-11-19T05:32:48.782149
SWdisable_cpuintensive.json,2025-11-19T05:32:57.346432
SWdisable_cpuintensive.json,2025-11-19T05:33:54.813484
SWdisable_cpuintensive.json,2025-11-19T05:34:03.335139
SWdisable_cpuintensive.json,2025-11-19T05:34:12.009891
SWdisable_cpuintensive.json,2025-11-19T05:34:20.463541
SWdisable_cpuintensive.json,2025-11-19T05:34:28.852936
SWdisable_cpuintensive.json,2025-11-19T05:34:37.294106
SWdisable_cpuintensive.json,2025-11-19T05:34:45.878111
SWdisable_cpuintensive.json,2025-11-19T05:34:54.356485
SWdisable_cpuintensive.json,2025-11-19T05:35:02.862162
SWdisable_cpuintensive.json,2025-11-19T05:35:11.312440
SWdisable_cpuintensive.json,2025-11-19T05:35:19.737982
SWdisable_cpuintensive.json,2025-11-19T05:35:28.160807
SWdisable_cpuintensive.json,2025-11-19T05:35:36.584397
SWdisable_cpuintensive.json,2025-11-19T05:35:45.115400
SWdisable_cpuintensive.json,2025-11-19T05:35:53.607554
SWdisable_cpuintensive.json,2025-11-19T05:36:02.152495
SWdisable_cpuintensive.json,2025-11-19T05:36:10.577788
SWdisable_cpuintensive.json,2025-11-19T05:36:18.990475
SWdisable_cpuintensive.json,2025-11-19T05:36:27.480689
SWdisable_cpuintensive.json,2025-11-19T05:36:35.866456
SWdisable_cpuintensive.json,2025-11-19T05:36:44.379779
SWdisable_cpuintensive.json,2025-11-19T05:36:52.856627
SWdisable_cpuintensive.json,2025-11-19T05:37:01.311464
SWdisable_cpuintensive.json,2025-11-19T05:37:09.827108
SWdisable_cpuintensive.json,2025-11-19T05:37:18.253649
SWdisable_cpuintensive.json,2025-11-19T05:37:26.666547
SWdisable_cpuintensive.json,2025-11-19T05:37:35.116994
SWdisable_cpuintensive.json,2025-11-19T05:37:43.553368
SWdisable_cpuintensive.json,2025-11-19T05:37:52.087066
SWdisable_cpuintensive.json,2025-11-19T05:38:00.568161
SWdisable_cpuintensive.json,2025-11-19T05:38:09.075018
SWdisable_cpuintensive.json,2025-11-19T05:38:17.603497
SWdisable_cpuintensive.json,2025-11-19T05:38:26.058502
SWdisable_cpuintensive.json,2025-11-19T05:38:34.529809
SWdisable_cpuintensive.json,2025-11-19T05:38:42.990595
SWdisable_cpuintensive.json,2025-11-19T05:38:51.467811
SWdisable_cpuintensive.json,2025-11-19T05:38:59.929140
SWdisable_cpuintensive.json,2025-11-19T05:39:08.402309
SWdisable_cpuintensive.json,2025-11-19T05:39:16.803849
SWdisable_cpuintensive.json,2025-11-19T05:39:25.243638
SWdisable_cpuintensive.json,2025-11-19T05:39:33.659564
SWdisable_cpuintensive.json,2025-11-19T05:39:42.066566
SWdisable_cpuintensive.json,2025-11-19T05:39:50.588953
SWdisable_cpuintensive.json,2025-11-19T05:39:59.059962
SWdisable_cpuintensive.json,2025-11-19T05:40:07.587443
SWdisable_cpuintensive.json,2025-11-19T05:40:16.201323
SWdisable_cpuintensive.json,2025-11-19T05:40:24.816545
SWdisable_cpuintensive.json,2025-11-19T05:40:33.335875
SWdisable_cpuintensive.json,2025-11-19T05:40:41.820859
SWdisable_cpuintensive.json,2025-11-19T05:40:50.245805
SWdisable_cpuintensive.json,2025-11-19T05:40:58.745924
SWdisable_cpuintensive.json,2025-11-19T05:41:07.255026
SWdisable_cpuintensive.json,2025-11-19T05:41:15.663140
SWdisable_cpuintensive.json,2025-11-19T05:41:24.170281
SWdisable_cpuintensive.json,2025-11-19T05:41:32.659263
SWdisable_cpuintensive.json,2025-11-19T05:41:41.153049
SWdisable_cpuintensive.json,2025-11-19T05:41:49.606048
SWdisable_cpuintensive.json,2025-11-19T05:41:58.089128
SWdisable_cpuintensive.json,2025-11-19T05:42:06.566762
SWdisable_cpuintensive.json,2025-11-19T05:42:15.075796
SWdisable_cpuintensive.json,2025-11-19T05:42:23.588333
SWdisable_cpuintensive.json,2025-11-19T05:42:32.149925
SWdisable_cpuintensive.json,2025-11-19T05:42:40.627475
SWdisable_cpuintensive.json,2025-11-19T05:42:49.173787
SWdisable_cpuintensive.json,2025-11-19T05:42:57.667039
SWdisable_cpuintensive.json,2025-11-19T05:43:06.163228
SWdisable_cpuintensive.json,2025-11-19T05:43:14.657483
SWdisable_cpuintensive.json,2025-11-19T05:43:23.125984
SWdisable_cpuintensive.json,2025-11-19T05:43:31.554390
SWdisable_cpuintensive.json,2025-11-19T05:43:40.030109
SWdisable_cpuintensive.json,2025-11-19T05:43:48.473369
SWdisable_cpuintensive.json,2025-11-19T05:43:56.958225
SWdisable_cpuintensive.json,2025-11-19T05:44:05.383304
SWdisable_cpuintensive.json,2025-11-19T05:44:13.778577
SWdisable_cpuintensive.json,2025-11-19T05:44:22.214356
SWdisable_cpuintensive.json,2025-11-19T05:44:30.695828
SWdisable_cpuintensive.json,2025-11-19T05:44:39.197762
SWdisable_cpuintensive.json,2025-11-19T05:44:47.661431
SWdisable_cpuintensive.json,2025-11-19T05:44:56.160110
SWdisable_cpuintensive.json,2025-11-19T05:45:04.648677
SWdisable_cpuintensive.json,2025-11-19T05:45:13.217252
SWdisable_cpuintensive.json,2025-11-19T05:45:21.607391
SWdisable_cpuintensive.json,2025-11-19T05:45:30.181823
SWdisable_cpuintensive.json,2025-11-19T05:45:38.653490
SWdisable_cpuintensive.json,2025-11-19T05:45:47.147305
SWdisable_cpuintensive.json,2025-11-19T05:45:55.726939
SWdisable_cpuintensive.json,2025-11-19T05:46:04.189767
SWdisable_cpuintensive.json,2025-11-19T05:46:12.621973
SWdisable_cpuintensive.json,2025-11-19T05:46:21.182036
SWdisable_cpuintensive.json,2025-11-19T05:46:29.691654
SWdisable_cpuintensive.json,2025-11-19T05:46:38.200389
SWdisable_cpuintensive.json,2025-11-19T05:46:46.755405
SWdisable_cpuintensive.json,2025-11-19T05:46:55.313579
SWdisable_cpuintensive.json,2025-11-19T05:47:03.810549
SWdisable_cpuintensive.json,2025-11-19T05:47:12.314225
SWdisable_cpuintensive.json,2025-11-19T05:47:20.753441
SWdisable_cpuintensive.json,2025-11-19T05:47:29.179570
SWdisable_cpuintensive.json,2025-11-19T05:47:37.684678
SWdisable_cpuintensive.json,2025-11-19T05:47:46.191779
SWdisable_cpuintensive.json,2025-11-19T05:47:54.674333
SWdisable_cpuintensive.json,2025-11-19T05:48:03.166160
SWdisable_cpuintensive.json,2025-11-19T05:48:11.580269
SWdisable_cpuintensive.json,2025-11-19T05:48:19.994155
SWdisable_cpuintensive.json,2025-11-19T05:48:28.443598
SWdisable_cpuintensive.json,2025-11-19T05:48:36.935899
SWdisable_cpuintensive.json,2025-11-19T05:48:45.344462
SWdisable_cpuintensive.json,2025-11-19T05:48:53.810368
SWdisable_cpuintensive.json,2025-11-19T05:49:02.243593
SWdisable_cpuintensive.json,2025-11-19T05:49:10.644018
SWdisable_cpuintensive.json,2025-11-19T05:49:19.129707
SWdisable_cpuintensive.json,2025-11-19T05:49:27.555168
SWdisable_cpuintensive.json,2025-11-19T05:49:36.122068
SWdisable_cpuintensive.json,2025-11-19T05:49:44.671736
SWdisable_cpuintensive.json,2025-11-19T05:49:53.260937
SWdisable_cpuintensive.json,2025-11-19T05:50:01.774539
SWdisable_cpuintensive.json,2025-11-19T05:50:10.289377
SWdisable_cpuintensive.json,2025-11-19T05:50:18.736186
SWdisable_cpuintensive.json,2025-11-19T05:50:27.177936
SWdisable_cpuintensive.json,2025-11-19T05:50:35.610870
SWdisable_cpuintensive.json,2025-11-19T05:50:44.030484
SWdisable_cpuintensive.json,2025-11-19T05:50:52.457707
SWdisable_cpuintensive.json,2025-11-19T05:51:00.917166
SWdisable_cpuintensive.json,2025-11-19T05:51:09.438574
SWdisable_cpuintensive.json,2025-11-19T05:51:17.870663
SWdisable_cpuintensive.json,2025-11-19T05:51:26.321496
SWdisable_cpuintensive.json,2025-11-19T05:51:34.820388
SWdisable_cpuintensive.json,2025-11-19T05:51:43.380787
SWdisable_cpuintensive.json,2025-11-19T05:51:51.915044
SWdisable_cpuintensive.json,2025-11-19T05:52:00.450273
SWdisable_cpuintensive.json,2025-11-19T05:52:08.934509
SWdisable_cpuintensive.json,2025-11-19T05:52:17.529701
SWdisable_cpuintensive.json,2025-11-19T05:52:26.180300
SWdisable_cpuintensive.json,2025-11-19T05:52:34.704471
SWdisable_cpuintensive.json,2025-11-19T05:52:43.249198
SWdisable_cpuintensive.json,2025-11-19T05:52:51.781523
SWdisable_cpuintensive.json,2025-11-19T05:53:00.238647
SWdisable_cpuintensive.json,2025-11-19T05:53:08.725241
SWdisable_cpuintensive.json,2025-11-19T05:53:17.190382
SWdisable_cpuintensive.json,2025-11-19T05:53:25.628272
SWdisable_cpuintensive.json,2025-11-19T05:53:34.045333
SWdisable_cpuintensive.json,2025-11-19T05:53:42.450003
SWdisable_cpuintensive.json,2025-11-19T05:53:50.872813
SWdisable_cpuintensive.json,2025-11-19T05:53:59.327568
SWdisable_cpuintensive.json,2025-11-19T05:54:07.764785
SWdisable_cpuintensive.json,2025-11-19T05:54:16.222231
SWdisable_cpuintensive.json,2025-11-19T05:54:24.821305
SWdisable_cpuintensive.json,2025-11-19T05:54:33.360444
SWdisable_cpuintensive.json,2025-11-19T05:54:41.925840
SWdisable_cpuintensive.json,2025-11-19T05:54:50.387827
SWdisable_cpuintensive.json,2025-11-19T05:54:58.871871
SWdisable_cpuintensive.json,2025-11-19T05:55:07.289617
SWdisable_cpuintensive.json,2025-11-19T05:55:15.813366
SWdisable_cpuintensive.json,2025-11-19T05:55:24.354575
SWdisable_cpuintensive.json,2025-11-19T05:55:32.850158
SWdisable_cpuintensive.json,2025-11-19T05:55:41.302480
SWdisable_cpuintensive.json,2025-11-19T05:55:49.724886
SWdisable_cpuintensive.json,2025-11-19T05:55:58.141590
SWdisable_cpuintensive.json,2025-11-19T05:56:06.568772
SWdisable_cpuintensive.json,2025-11-19T05:56:15.008639
SWdisable_cpuintensive.json,2025-11-19T05:56:23.459109
SWdisable_cpuintensive.json,2025-11-19T05:56:32.165910
SWdisable_cpuintensive.json,2025-11-19T05:56:40.687264
SWdisable_cpuintensive.json,2025-11-19T05:56:49.288646
SWdisable_cpuintensive.json,2025-11-19T05:56:57.811282
SWdisable_cpuintensive.json,2025-11-19T05:57:06.376156
SWdisable_cpuintensive.json,2025-11-19T05:57:14.900420
SWdisable_cpuintensive.json,2025-11-19T05:57:23.386398
SWdisable_cpuintensive.json,2025-11-19T05:57:31.806353
SWdisable_cpuintensive.json,2025-11-19T05:57:40.242551
SWdisable_cpuintensive.json,2025-11-19T05:57:48.754728
SWdisable_cpuintensive.json,2025-11-19T05:57:57.171684
SWdisable_cpuintensive.json,2025-11-19T05:58:05.622857
SWdisable_cpuintensive.json,2025-11-19T05:58:14.089872
SWdisable_cpuintensive.json,2025-11-19T05:58:22.605531
SWdisable_cpuintensive.json,2025-11-19T05:58:31.043836
SWdisable_cpuintensive.json,2025-11-19T05:58:39.599711
SWdisable_cpuintensive.json,2025-11-19T05:58:48.014722
SWdisable_cpuintensive.json,2025-11-19T05:58:56.449095
SWdisable_cpuintensive.json,2025-11-19T05:59:04.958512
SWdisable_cpuintensive.json,2025-11-19T05:59:13.445491
SWdisable_cpuintensive.json,2025-11-19T05:59:21.893318
SWdisable_cpuintensive.json,2025-11-19T05:59:30.296462
SWdisable_cpuintensive.json,2025-11-19T05:59:38.704856
SWdisable_cpuintensive.json,2025-11-19T05:59:47.156834
SWdisable_cpuintensive.json,2025-11-19T05:59:55.628839
SWdisable_cpuintensive.json,2025-11-19T06:00:04.104598
SWdisable_cpuintensive.json,2025-11-19T06:00:12.735768
SWdisable_cpuintensive.json,2025-11-19T06:00:21.276545
SWdisable_cpuintensive.json,2025-11-19T06:00:29.711209
SWdisable_cpuintensive.json,2025-11-19T06:00:38.197522
SWdisable_cpuintensive.json,2025-11-19T06:00:46.685244
SWdisable_cpuintensive.json,2025-11-19T06:00:55.088329
SWdisable_cpuintensive.json,2025-11-19T06:01:03.508883
SWdisable_cpuintensive.json,2025-11-19T06:01:12.025134
SWdisable_cpuintensive.json,2025-11-19T06:01:20.536478
SWdisable_cpuintensive.json,2025-11-19T06:01:28.978046
SWdisable_cpuintensive.json,2025-11-19T06:01:37.517010
SWdisable_cpuintensive.json,2025-11-19T06:01:46.020615
SWdisable_cpuintensive.json,2025-11-19T06:01:54.555251
SWdisable_cpuintensive.json,2025-11-19T06:02:03.051019
SWdisable_cpuintensive.json,2025-11-19T06:02:11.577655
SWdisable_cpuintensive.json,2025-11-19T06:02:20.035149
SWdisable_cpuintensive.json,2025-11-19T06:02:28.505736
SWdisable_cpuintensive.json,2025-11-19T06:02:37.007116
SWdisable_cpuintensive.json,2025-11-19T06:02:45.480668
SWdisable_cpuintensive.json,2025-11-19T06:02:53.880331
SWdisable_cpuintensive.json,2025-11-19T06:03:02.299722
SWdisable_cpuintensive.json,2025-11-19T06:03:10.798158
SWdisable_cpuintensive.json,2025-11-19T06:03:19.305217
SWdisable_cpuintensive.json,2025-11-19T06:03:27.832067
SWdisable_cpuintensive.json,2025-11-19T06:03:36.360844
SWdisable_cpuintensive.json,2025-11-19T06:03:44.812486
SWdisable_cpuintensive.json,2025-11-19T06:03:53.327138
SWdisable_cpuintensive.json,2025-11-19T06:04:01.848365
SWdisable_cpuintensive.json,2025-11-19T06:04:10.310174
SWdisable_cpuintensive.json,2025-11-19T06:04:18.753121
SWdisable_cpuintensive.json,2025-11-19T06:04:27.258696
SWdisable_cpuintensive.json,2025-11-19T06:04:35.727077
SWdisable_cpuintensive.json,2025-11-19T06:04:44.114816
SWdisable_cpuintensive.json,2025-11-19T06:04:52.519947
SWdisable_cpuintensive.json,2025-11-19T06:05:00.985702
SWdisable_cpuintensive.json,2025-11-19T06:05:09.421460
SWdisable_cpuintensive.json,2025-11-19T06:05:17.866479
SWdisable_cpuintensive.json,2025-11-19T06:05:26.318567
SWdisable_cpuintensive.json,2025-11-19T06:05:34.748674
SWdisable_cpuintensive.json,2025-11-19T06:05:43.174873
SWdisable_cpuintensive.json,2025-11-19T06:05:51.680125
SWdisable_cpuintensive.json,2025-11-19T06:06:00.161916
SWdisable_cpuintensive.json,2025-11-19T06:06:08.584122
SWdisable_cpuintensive.json,2025-11-19T06:06:17.025173
SWdisable_cpuintensive.json,2025-11-19T06:06:25.432128
SWdisable_cpuintensive.json,2025-11-19T06:06:33.973862
SWdisable_cpuintensive.json,2025-11-19T06:06:42.477046
SWdisable_cpuintensive.json,2025-11-19T06:06:50.988851
SWdisable_cpuintensive.json,2025-11-19T06:06:59.563626
SWdisable_cpuintensive.json,2025-11-19T06:07:08.080679
SWdisable_cpuintensive.json,2025-11-19T06:07:16.548183
SWdisable_cpuintensive.json,2025-11-19T06:07:25.017827
SWdisable_cpuintensive.json,2025-11-19T06:07:33.494275
SWdisable_cpuintensive.json,2025-11-19T06:07:41.934700
SWdisable_cpuintensive.json,2025-11-19T06:07:50.357395
SWdisable_cpuintensive.json,2025-11-19T06:07:58.836595
SWdisable_cpuintensive.json,2025-11-19T06:08:07.311512
SWdisable_cpuintensive.json,2025-11-19T06:08:15.841358
SWdisable_cpuintensive.json,2025-11-19T06:08:24.268504
SWdisable_cpuintensive.json,2025-11-19T06:08:32.687307
SWdisable_cpuintensive.json,2025-11-19T06:08:41.205412
SWdisable_cpuintensive.json,2025-11-19T06:08:49.756529
SWdisable_cpuintensive.json,2025-11-19T06:08:58.160667
SWdisable_cpuintensive.json,2025-11-19T06:09:06.583626
SWdisable_cpuintensive.json,2025-11-19T06:09:15.049553
SWdisable_cpuintensive.json,2025-11-19T06:09:23.555546
SWdisable_cpuintensive.json,2025-11-19T06:09:32.050190
SWdisable_cpuintensive.json,2025-11-19T06:09:40.548416
SWdisable_cpuintensive.json,2025-11-19T06:09:49.093675
SWdisable_cpuintensive.json,2025-11-19T06:09:57.680301
SWdisable_cpuintensive.json,2025-11-19T06:10:06.209147
SWdisable_cpuintensive.json,2025-11-19T06:10:14.621587
SWdisable_cpuintensive.json,2025-11-19T06:10:23.109470
SWdisable_cpuintensive.json,2025-11-19T06:10:31.537708
SWdisable_cpuintensive.json,2025-11-19T06:10:39.944960
SWdisable_cpuintensive.json,2025-11-19T06:10:48.320661
SWdisable_cpuintensive.json,2025-11-19T06:10:56.734577
SWdisable_cpuintensive.json,2025-11-19T06:11:05.141172
SWdisable_cpuintensive.json,2025-11-19T06:11:13.607160
SWdisable_cpuintensive.json,2025-11-19T06:11:22.015451
SWdisable_cpuintensive.json,2025-11-19T06:11:30.585185
SWdisable_cpuintensive.json,2025-11-19T06:11:39.008518
SWdisable_cpuintensive.json,2025-11-19T06:11:47.529775
SWdisable_cpuintensive.json,2025-11-19T06:11:55.966974
SWdisable_cpuintensive.json,2025-11-19T06:12:04.438741
SWdisable_cpuintensive.json,2025-11-19T06:12:12.916450
SWdisable_cpuintensive.json,2025-11-19T06:12:21.439408
SWdisable_cpuintensive.json,2025-11-19T06:12:29.811169
SWdisable_cpuintensive.json,2025-11-19T06:12:38.215048
SWdisable_cpuintensive.json,2025-11-19T06:12:46.680571
SWdisable_cpuintensive.json,2025-11-19T06:12:55.092549
SWdisable_cpuintensive.json,2025-11-19T06:13:03.574439
SWdisable_cpuintensive.json,2025-11-19T06:13:11.963990
SWdisable_cpuintensive.json,2025-11-19T06:13:20.438609
SWdisable_cpuintensive.json,2025-11-19T06:13:28.878373
SWdisable_cpuintensive.json,2025-11-19T06:13:37.356625
SWdisable_cpuintensive.json,2025-11-19T06:13:45.774812
SWdisable_cpuintensive.json,2025-11-19T06:13:54.176581
SWdisable_cpuintensive.json,2025-11-19T06:14:02.564931
SWdisable_cpuintensive.json,2025-11-19T06:14:11.047587
SWdisable_cpuintensive.json,2025-11-19T06:14:19.516538
SWdisable_cpuintensive.json,2025-11-19T06:14:27.893369
SWdisable_cpuintensive.json,2025-11-19T06:14:36.285437
SWdisable_cpuintensive.json,2025-11-19T06:14:44.756779
SWdisable_cpuintensive.json,2025-11-19T06:14:53.163467
SWdisable_cpuintensive.json,2025-11-19T06:15:01.551563
SWdisable_cpuintensive.json,2025-11-19T06:15:10.035322
SWdisable_cpuintensive.json,2025-11-19T06:15:18.489900
SWdisable_cpuintensive.json,2025-11-19T06:15:26.896324
SWdisable_cpuintensive.json,2025-11-19T06:15:35.413891
SWdisable_cpuintensive.json,2025-11-19T06:15:43.861824
SWdisable_cpuintensive.json,2025-11-19T06:15:52.281259
SWdisable_cpuintensive.json,2025-11-19T06:16:00.800388
SWdisable_cpuintensive.json,2025-11-19T06:16:09.291878
SWdisable_cpuintensive.json,2025-11-19T06:16:17.814588
SWdisable_cpuintensive.json,2025-11-19T06:16:26.281865
SWdisable_cpuintensive.json,2025-11-19T06:16:34.866462
SWdisable_cpuintensive.json,2025-11-19T06:16:43.383668
SWdisable_cpuintensive.json,2025-11-19T06:16:51.855342
SWdisable_cpuintensive.json,2025-11-19T06:17:00.234083
SWdisable_cpuintensive.json,2025-11-19T06:17:08.787432
SWdisable_cpuintensive.json,2025-11-19T06:17:17.242217
SWdisable_cpuintensive.json,2025-11-19T06:17:25.636217
SWdisable_cpuintensive.json,2025-11-19T06:17:34.116944
SWdisable_cpuintensive.json,2025-11-19T06:17:42.569899
SWdisable_cpuintensive.json,2025-11-19T06:17:51.007238
SWdisable_cpuintensive.json,2025-11-19T06:17:59.435050
SWdisable_cpuintensive.json,2025-11-19T06:18:08.003634
SWdisable_cpuintensive.json,2025-11-19T06:18:16.492257
SWdisable_cpuintensive.json,2025-11-19T06:18:25.081570
SWdisable_cpuintensive.json,2025-11-19T06:18:33.626837
SWdisable_cpuintensive.json,2025-11-19T06:18:42.206891
SWdisable_cpuintensive.json,2025-11-19T06:18:50.629642
SWdisable_cpuintensive.json,2025-11-19T06:18:59.161700
SWdisable_cpuintensive.json,2025-11-19T06:19:07.706807
SWdisable_cpuintensive.json,2025-11-19T06:19:16.256071
SWdisable_cpuintensive.json,2025-11-19T06:19:24.821497
SWdisable_cpuintensive.json,2025-11-19T06:19:33.382734
SWdisable_cpuintensive.json,2025-11-19T06:19:41.893137
SWdisable_cpuintensive.json,2025-11-19T06:19:50.411748
SWdisable_cpuintensive.json,2025-11-19T06:19:58.914087
SWdisable_cpuintensive.json,2025-11-19T06:20:07.409447
SWdisable_cpuintensive.json,2025-11-19T06:20:15.865662
SWdisable_cpuintensive.json,2025-11-19T06:20:24.423102
SWdisable_cpuintensive.json,2025-11-19T06:20:32.865656
SWdisable_cpuintensive.json,2025-11-19T06:20:41.386109
SWdisable_cpuintensive.json,2025-11-19T06:20:49.799724
SWdisable_cpuintensive.json,2025-11-19T06:20:58.221860
SWdisable_cpuintensive.json,2025-11-19T06:21:06.717262
SWdisable_cpuintensive.json,2025-11-19T06:21:15.143270
SWdisable_cpuintensive.json,2025-11-19T06:21:23.671852
SWdisable_cpuintensive.json,2025-11-19T06:21:32.087242
SWdisable_cpuintensive.json,2025-11-19T06:21:40.684969
SWdisable_cpuintensive.json,2025-11-19T06:21:49.234710
SWdisable_cpuintensive.json,2025-11-19T06:21:57.843287
SWdisable_cpuintensive.json,2025-11-19T06:22:06.325966
SWdisable_cpuintensive.json,2025-11-19T06:22:14.769851
SWdisable_cpuintensive.json,2025-11-19T06:22:23.258495
SWdisable_cpuintensive.json,2025-11-19T06:22:31.727167
SWdisable_cpuintensive.json,2025-11-19T06:22:40.165471
SWdisable_cpuintensive.json,2025-11-19T06:22:48.582752
SWdisable_cpuintensive.json,2025-11-19T06:22:57.090973
SWdisable_cpuintensive.json,2025-11-19T06:23:05.491308
SWdisable_cpuintensive.json,2025-11-19T06:23:13.913821
SWdisable_cpuintensive.json,2025-11-19T06:23:22.376748
SWdisable_cpuintensive.json,2025-11-19T06:23:30.842801
SWdisable_cpuintensive.json,2025-11-19T06:23:39.398962
SWdisable_cpuintensive.json,2025-11-19T06:23:47.908119
SWdisable_cpuintensive.json,2025-11-19T06:23:56.391449
SWdisable_cpuintensive.json,2025-11-19T06:24:04.979238
SWdisable_cpuintensive.json,2025-11-19T06:24:13.538312
SWdisable_cpuintensive.json,2025-11-19T06:24:22.031693
SWdisable_cpuintensive.json,2025-11-19T06:24:30.525110
SWdisable_cpuintensive.json,2025-11-19T06:24:38.937457
SWdisable_cpuintensive.json,2025-11-19T06:24:47.360147
SWdisable_cpuintensive.json,2025-11-19T06:24:55.770324
SWdisable_cpuintensive.json,2025-11-19T06:25:04.284923
SWdisable_cpuintensive.json,2025-11-19T06:25:12.797013
SWdisable_cpuintensive.json,2025-11-19T06:25:21.301185
SWdisable_cpuintensive.json,2025-11-19T06:25:29.762937
SWdisable_cpuintensive.json,2025-11-19T06:25:38.164179
SWdisable_cpuintensive.json,2025-11-19T06:25:46.587492
SWdisable_cpuintensive.json,2025-11-19T06:25:55.046313
SWdisable_cpuintensive.json,2025-11-19T06:26:03.596321
SWdisable_cpuintensive.json,2025-11-19T06:26:12.173180
SWdisable_cpuintensive.json,2025-11-19T06:26:20.789483
SWdisable_cpuintensive.json,2025-11-19T06:26:29.374726
SWdisable_cpuintensive.json,2025-11-19T06:26:37.880422
SWdisable_cpuintensive.json,2025-11-19T06:26:46.444233
SWdisable_cpuintensive.json,2025-11-19T06:26:54.853173
SWdisable_cpuintensive.json,2025-11-19T06:27:03.519070
SWdisable_cpuintensive.json,2025-11-19T06:27:11.946484
SWdisable_cpuintensive.json,2025-11-19T06:27:20.378354
SWdisable_cpuintensive.json,2025-11-19T06:27:28.810437
SWdisable_cpuintensive.json,2025-11-19T06:27:37.267909
SWdisable_cpuintensive.json,2025-11-19T06:27:45.704339
SWdisable_cpuintensive.json,2025-11-19T06:27:54.126265
SWdisable_cpuintensive.json,2025-11-19T06:28:02.506976
SWdisable_cpuintensive.json,2025-11-19T06:28:11.024532
SWdisable_cpuintensive.json,2025-11-19T06:28:19.526367
SWdisable_cpuintensive.json,2025-11-19T06:28:28.001555
SWdisable_cpuintensive.json,2025-11-19T06:28:36.500827
SWdisable_cpuintensive.json,2025-11-19T06:28:44.971210
SWdisable_cpuintensive.json,2025-11-19T06:28:53.557413
SWdisable_cpuintensive.json,2025-11-19T06:29:02.125403
SWdisable_cpuintensive.json,2025-11-19T06:29:10.622869
SWdisable_cpuintensive.json,2025-11-19T06:29:19.124420
SWdisable_cpuintensive.json,2025-11-19T06:29:27.599529
SWdisable_cpuintensive.json,2025-11-19T06:29:36.077316
SWdisable_cpuintensive.json,2025-11-19T06:29:44.460040
SWdisable_cpuintensive.json,2025-11-19T06:29:52.919499
SWdisable_cpuintensive.json,2025-11-19T06:30:01.415641
SWdisable_cpuintensive.json,2025-11-19T06:30:09.873475
SWdisable_cpuintensive.json,2025-11-19T06:30:18.284626
SWdisable_cpuintensive.json,2025-11-19T06:30:26.737639
SWdisable_cpuintensive.json,2025-11-19T06:30:35.135259
SWdisable_cpuintensive.json,2025-11-19T06:30:43.651130
SWdisable_cpuintensive.json,2025-11-19T06:30:52.095233
SWdisable_cpuintensive.json,2025-11-19T06:31:00.499678
SWdisable_cpuintensive.json,2025-11-19T06:31:08.914305
SWdisable_cpuintensive.json,2025-11-19T06:31:17.456688
SWdisable_cpuintensive.json,2025-11-19T06:31:25.924137
SWdisable_cpuintensive.json,2025-11-19T06:31:34.409084
SWdisable_cpuintensive.json,2025-11-19T06:31:42.837718
SWdisable_cpuintensive.json,2025-11-19T06:31:51.261715
SWdisable_cpuintensive.json,2025-11-19T06:31:59.680732
SWdisable_cpuintensive.json,2025-11-19T06:32:08.101746
SWdisable_cpuintensive.json,2025-11-19T06:32:16.529886
SWdisable_cpuintensive.json,2025-11-19T06:32:25.031316
SWdisable_cpuintensive.json,2025-11-19T06:32:33.532996
SWdisable_cpuintensive.json,2025-11-19T06:32:42.070343
SWdisable_cpuintensive.json,2025-11-19T06:32:50.547818
SWdisable_cpuintensive.json,2025-11-19T06:32:59.096587
SWdisable_cpuintensive.json,2025-11-19T06:33:07.666815
SWdisable_cpuintensive.json,2025-11-19T06:33:16.116571
SWdisable_cpuintensive.json,2025-11-19T06:33:24.565307
SWdisable_cpuintensive.json,2025-11-19T06:33:33.000206
SWdisable_cpuintensive.json,2025-11-19T06:33:41.538428
SWdisable_cpuintensive.json,2025-11-19T06:33:50.018982
SWdisable_cpuintensive.json,2025-11-19T06:33:58.502535
SWdisable_cpuintensive.json,2025-11-19T06:34:06.968835
SWdisable_cpuintensive.json,2025-11-19T06:34:15.412049
SWdisable_cpuintensive.json,2025-11-19T06:34:23.814347
SWdisable_cpuintensive.json,2025-11-19T06:34:32.308150
SWdisable_cpuintensive.json,2025-11-19T06:34:40.778527
SWdisable_cpuintensive.json,2025-11-19T06:34:49.292215
SWdisable_cpuintensive.json,2025-11-19T06:34:57.913598
SWdisable_cpuintensive.json,2025-11-19T06:35:06.395503
SWdisable_cpuintensive.json,2025-11-19T06:35:14.955116
SWdisable_cpuintensive.json,2025-11-19T06:35:23.483591
SWdisable_cpuintensive.json,2025-11-19T06:35:32.069359
SWdisable_cpuintensive.json,2025-11-19T06:35:40.610909
SWdisable_cpuintensive.json,2025-11-19T06:35:49.049065
SWdisable_cpuintensive.json,2025-11-19T06:35:57.458294
SWdisable_cpuintensive.json,2025-11-19T06:36:05.871446
SWdisable_cpuintensive.json,2025-11-19T06:36:14.300228
SWdisable_cpuintensive.json,2025-11-19T06:36:22.724941
SWdisable_cpuintensive.json,2025-11-19T06:36:31.196828
SWdisable_cpuintensive.json,2025-11-19T06:36:39.684905
SWdisable_cpuintensive.json,2025-11-19T06:36:48.085982
SWdisable_cpuintensive.json,2025-11-19T06:36:56.514162
SWdisable_cpuintensive.json,2025-11-19T06:38:50.541803
SWdisable_cpuintensive.json,2025-11-19T06:38:59.488319
SWdisable_cpuintensive.json,2025-11-19T06:39:07.961458
SWdisable_cpuintensive.json,2025-11-19T06:39:16.471678
SWdisable_cpuintensive.json,2025-11-19T06:39:24.955639
SWdisable_cpuintensive.json,2025-11-19T06:39:33.365313
SWdisable_cpuintensive.json,2025-11-19T06:39:41.854656
SWdisable_cpuintensive.json,2025-11-19T06:39:50.373113
SWdisable_cpuintensive.json,2025-11-19T06:39:58.932991
SWdisable_cpuintensive.json,2025-11-19T06:40:07.431959
SWdisable_cpuintensive.json,2025-11-19T06:40:15.940808
SWdisable_cpuintensive.json,2025-11-19T06:40:24.402736
SWdisable_cpuintensive.json,2025-11-19T06:40:32.830705
SWdisable_cpuintensive.json,2025-11-19T06:40:41.350145
SWdisable_cpuintensive.json,2025-11-19T06:40:49.858698
SWdisable_cpuintensive.json,2025-11-19T06:40:58.354805
SWdisable_cpuintensive.json,2025-11-19T06:41:06.843730
SWdisable_cpuintensive.json,2025-11-19T06:41:15.295787
SWdisable_cpuintensive.json,2025-11-19T06:41:23.843803
SWdisable_cpuintensive.json,2025-11-19T06:41:32.338791
SWdisable_cpuintensive.json,2025-11-19T06:41:40.782737
SWdisable_cpuintensive.json,2025-11-19T06:41:49.289712
SWdisable_cpuintensive.json,2025-11-19T06:41:57.735644
SWdisable_cpuintensive.json,2025-11-19T06:42:06.184830
SWdisable_cpuintensive.json,2025-11-19T06:42:14.754164
SWdisable_cpuintensive.json,2025-11-19T06:42:23.322533
SWdisable_cpuintensive.json,2025-11-19T06:42:31.807262
SWdisable_cpuintensive.json,2025-11-19T06:42:40.428075
SWdisable_cpuintensive.json,2025-11-19T06:42:48.918160
SWdisable_cpuintensive.json,2025-11-19T06:42:57.436967
SWdisable_cpuintensive.json,2025-11-19T06:43:05.895458
SWdisable_cpuintensive.json,2025-11-19T06:43:14.358357
SWdisable_cpuintensive.json,2025-11-19T06:43:22.783701
SWdisable_cpuintensive.json,2025-11-19T06:43:31.220733
SWdisable_cpuintensive.json,2025-11-19T06:43:39.782628
SWdisable_cpuintensive.json,2025-11-19T06:43:48.303544
SWdisable_cpuintensive.json,2025-11-19T06:43:56.911634
SWdisable_cpuintensive.json,2025-11-19T06:44:05.468836
SWdisable_cpuintensive.json,2025-11-19T06:44:13.984427
SWdisable_cpuintensive.json,2025-11-19T06:44:22.425029
SWdisable_cpuintensive.json,2025-11-19T06:44:30.880672
SWdisable_cpuintensive.json,2025-11-19T06:44:39.305815
SWdisable_cpuintensive.json,2025-11-19T06:44:47.728370
SWdisable_cpuintensive.json,2025-11-19T06:44:56.168496
SWdisable_cpuintensive.json,2025-11-19T06:45:04.622702
SWdisable_cpuintensive.json,2025-11-19T06:45:13.086696
SWdisable_cpuintensive.json,2025-11-19T06:45:21.699846
SWdisable_cpuintensive.json,2025-11-19T06:45:30.263784
SWdisable_cpuintensive.json,2025-11-19T06:45:38.835892
SWdisable_cpuintensive.json,2025-11-19T06:45:47.465527
SWdisable_cpuintensive.json,2025-11-19T06:45:55.974180
SWdisable_cpuintensive.json,2025-11-19T06:46:04.566240
SWdisable_cpuintensive.json,2025-11-19T06:46:13.196512
SWdisable_cpuintensive.json,2025-11-19T06:46:21.727977
SWdisable_cpuintensive.json,2025-11-19T06:46:30.272000
SWdisable_cpuintensive.json,2025-11-19T06:46:38.802448
SWdisable_cpuintensive.json,2025-11-19T06:46:47.267730
SWdisable_cpuintensive.json,2025-11-19T06:46:55.708207
SWdisable_cpuintensive.json,2025-11-19T06:47:04.173282
SWdisable_cpuintensive.json,2025-11-19T06:47:12.703834
SWdisable_cpuintensive.json,2025-11-19T06:47:21.189156
SWdisable_cpuintensive.json,2025-11-19T06:47:29.599254
SWdisable_cpuintensive.json,2025-11-19T06:47:38.037628
SWdisable_cpuintensive.json,2025-11-19T06:47:46.468746
SWdisable_cpuintensive.json,2025-11-19T06:47:54.952707
SWdisable_cpuintensive.json,2025-11-19T06:48:03.405994
SWdisable_cpuintensive.json,2025-11-19T06:48:11.938769
SWdisable_cpuintensive.json,2025-11-19T06:48:20.533237
SWdisable_cpuintensive.json,2025-11-19T06:48:29.107770
SWdisable_cpuintensive.json,2025-11-19T06:48:37.702663
SWdisable_cpuintensive.json,2025-11-19T06:48:46.225300
SWdisable_cpuintensive.json,2025-11-19T06:48:54.819359
SWdisable_cpuintensive.json,2025-11-19T06:49:03.389574
SWdisable_cpuintensive.json,2025-11-19T06:49:11.831122
SWdisable_cpuintensive.json,2025-11-19T06:49:20.292217
SWdisable_cpuintensive.json,2025-11-19T06:49:26.652054
SWdisable_cpuintensive.json,2025-11-19T06:49:35.071980
SWdisable_cpuintensive.json,2025-11-19T06:49:43.592320
SWdisable_cpuintensive.json,2025-11-19T06:49:52.059340
SWdisable_cpuintensive.json,2025-11-19T06:50:00.511715
SWdisable_cpuintensive.json,2025-11-19T06:50:08.970133
SWdisable_cpuintensive.json,2025-11-19T06:50:17.412471
SWdisable_cpuintensive.json,2025-11-19T06:50:25.969718
SWdisable_cpuintensive.json,2025-11-19T06:50:34.388107
SWdisable_cpuintensive.json,2025-11-19T06:50:42.905822
SWdisable_cpuintensive.json,2025-11-19T06:50:51.390237
SWdisable_cpuintensive.json,2025-11-19T06:51:00.008615
SWdisable_cpuintensive.json,2025-11-19T06:51:08.474900
SWdisable_cpuintensive.json,2025-11-19T06:51:16.985145
SWdisable_cpuintensive.json,2025-11-19T06:51:25.552661
SWdisable_cpuintensive.json,2025-11-19T06:51:34.096986
SWdisable_cpuintensive.json,2025-11-19T06:51:42.611906
SWdisable_cpuintensive.json,2025-11-19T06:51:51.055610
SWdisable_cpuintensive.json,2025-11-19T06:51:59.525039
SWdisable_cpuintensive.json,2025-11-19T06:52:08.049905
SWdisable_cpuintensive.json,2025-11-19T06:52:16.534292
SWdisable_cpuintensive.json,2025-11-19T06:52:24.965014
SWdisable_cpuintensive.json,2025-11-19T06:52:33.429573
SWdisable_cpuintensive.json,2025-11-19T06:52:41.879526
SWdisable_cpuintensive.json,2025-11-19T06:52:50.289163
SWdisable_cpuintensive.json,2025-11-19T06:52:58.736712
SWdisable_cpuintensive.json,2025-11-19T06:53:07.173480
SWdisable_cpuintensive.json,2025-11-19T06:53:15.610073
SWdisable_cpuintensive.json,2025-11-19T06:53:24.242096
SWdisable_cpuintensive.json,2025-11-19T06:53:32.813852
SWdisable_cpuintensive.json,2025-11-19T06:53:41.324942
SWdisable_cpuintensive.json,2025-11-19T06:53:49.792662
SWdisable_cpuintensive.json,2025-11-19T06:53:58.331529
SWdisable_cpuintensive.json,2025-11-19T06:54:06.822802
SWdisable_cpuintensive.json,2025-11-19T06:54:15.375448
SWdisable_cpuintensive.json,2025-11-19T06:54:23.850406
SWdisable_cpuintensive.json,2025-11-19T06:54:32.288592
SWdisable_cpuintensive.json,2025-11-19T06:54:40.748114
SWdisable_cpuintensive.json,2025-11-19T06:54:49.183104
SWdisable_cpuintensive.json,2025-11-19T06:54:57.680996
SWdisable_cpuintensive.json,2025-11-19T06:55:06.153470
SWdisable_cpuintensive.json,2025-11-19T06:55:14.613170
SWdisable_cpuintensive.json,2025-11-19T06:55:23.083339
SWdisable_cpuintensive.json,2025-11-19T06:55:31.556928
SWdisable_cpuintensive.json,2025-11-19T06:55:40.005591
SWdisable_cpuintensive.json,2025-11-19T06:55:48.499727
SWdisable_cpuintensive.json,2025-11-19T06:55:56.988361
SWdisable_cpuintensive.json,2025-11-19T06:56:05.457525
SWdisable_cpuintensive.json,2025-11-19T06:56:13.902190
SWdisable_cpuintensive.json,2025-11-19T06:56:22.357710
SWdisable_cpuintensive.json,2025-11-19T06:56:30.877509
SWdisable_cpuintensive.json,2025-11-19T06:56:39.403330
SWdisable_cpuintensive.json,2025-11-19T06:56:47.952472
SWdisable_cpuintensive.json,2025-11-19T06:56:56.529369
SWdisable_cpuintensive.json,2025-11-19T06:57:05.054133
SWdisable_cpuintensive.json,2025-11-19T06:57:13.630538
SWdisable_cpuintensive.json,2025-11-19T06:57:22.149384
SWdisable_cpuintensive.json,2025-11-19T06:57:30.716077
SWdisable_cpuintensive.json,2025-11-19T06:57:39.237500
SWdisable_cpuintensive.json,2025-11-19T06:57:47.788094
SWdisable_cpuintensive.json,2025-11-19T06:57:56.347646
SWdisable_cpuintensive.json,2025-11-19T06:58:04.850632
SWdisable_cpuintensive.json,2025-11-19T06:58:13.331700
SWdisable_cpuintensive.json,2025-11-19T06:58:21.870279
SWdisable_cpuintensive.json,2025-11-19T06:58:30.373996
SWdisable_cpuintensive.json,2025-11-19T06:58:38.885593
SWdisable_cpuintensive.json,2025-11-19T06:58:47.299305
SWdisable_cpuintensive.json,2025-11-19T06:58:55.737034
SWdisable_cpuintensive.json,2025-11-19T06:59:04.261766
SWdisable_cpuintensive.json,2025-11-19T06:59:12.772823
SWdisable_cpuintensive.json,2025-11-19T06:59:21.227273
SWdisable_cpuintensive.json,2025-11-19T06:59:29.657235
SWdisable_cpuintensive.json,2025-11-19T06:59:38.165590
SWdisable_cpuintensive.json,2025-11-19T06:59:46.673334
SWdisable_cpuintensive.json,2025-11-19T06:59:55.248387
SWdisable_cpuintensive.json,2025-11-19T07:00:03.813296
SWdisable_cpuintensive.json,2025-11-19T07:00:12.384489
SWdisable_cpuintensive.json,2025-11-19T07:00:20.868218
SWdisable_cpuintensive.json,2025-11-19T07:00:29.419710
SWdisable_cpuintensive.json,2025-11-19T07:00:37.918502
SWdisable_cpuintensive.json,2025-11-19T07:00:46.458410
SWdisable_cpuintensive.json,2025-11-19T07:00:54.940142
SWdisable_cpuintensive.json,2025-11-19T07:01:03.472910
SWdisable_cpuintensive.json,2025-11-19T07:01:11.971360
SWdisable_cpuintensive.json,2025-11-19T07:01:20.419492
SWdisable_cpuintensive.json,2025-11-19T07:01:28.826247
SWdisable_cpuintensive.json,2025-11-19T07:01:37.291697
SWdisable_cpuintensive.json,2025-11-19T07:01:45.759952
SWdisable_cpuintensive.json,2025-11-19T07:01:54.220644
SWdisable_cpuintensive.json,2025-11-19T07:02:02.705311
SWdisable_cpuintensive.json,2025-11-19T07:02:11.152803
SWdisable_cpuintensive.json,2025-11-19T07:02:19.629744
SWdisable_cpuintensive.json,2025-11-19T07:02:28.101079
SWdisable_cpuintensive.json,2025-11-19T07:02:36.585088
SWdisable_cpuintensive.json,2025-11-19T07:02:45.013405
SWdisable_cpuintensive.json,2025-11-19T07:02:53.444108
SWdisable_cpuintensive.json,2025-11-19T07:03:01.919180
SWdisable_cpuintensive.json,2025-11-19T07:03:10.318544
SWdisable_cpuintensive.json,2025-11-19T07:03:18.712275
SWdisable_cpuintensive.json,2025-11-19T07:03:27.194326
SWdisable_cpuintensive.json,2025-11-19T07:03:35.643184
SWdisable_cpuintensive.json,2025-11-19T07:03:44.103909
SWdisable_cpuintensive.json,2025-11-19T07:03:52.646650
SWdisable_cpuintensive.json,2025-11-19T07:04:01.064874
SWdisable_cpuintensive.json,2025-11-19T07:04:09.478751
SWdisable_cpuintensive.json,2025-11-19T07:04:18.025859
SWdisable_cpuintensive.json,2025-11-19T07:04:26.576887
SWdisable_cpuintensive.json,2025-11-19T07:04:35.025564
SWdisable_cpuintensive.json,2025-11-19T07:04:43.464505
SWdisable_cpuintensive.json,2025-11-19T07:04:51.967728
SWdisable_cpuintensive.json,2025-11-19T07:05:00.386650
SWdisable_cpuintensive.json,2025-11-19T07:05:08.869538
SWdisable_cpuintensive.json,2025-11-19T07:05:17.340990
SWdisable_cpuintensive.json,2025-11-19T07:05:25.760166
SWdisable_cpuintensive.json,2025-11-19T07:05:34.181011
SWdisable_cpuintensive.json,2025-11-19T07:05:42.603666
SWdisable_cpuintensive.json,2025-11-19T07:05:51.080383
SWdisable_cpuintensive.json,2025-11-19T07:05:59.514362
SWdisable_cpuintensive.json,2025-11-19T07:06:07.904183
SWdisable_cpuintensive.json,2025-11-19T07:06:16.317217
SWdisable_cpuintensive.json,2025-11-19T07:06:24.728973
SWdisable_cpuintensive.json,2025-11-19T07:06:33.124336
SWdisable_cpuintensive.json,2025-11-19T07:06:41.524943
SWdisable_cpuintensive.json,2025-11-19T07:06:49.933003
SWdisable_cpuintensive.json,2025-11-19T07:06:58.429382
SWdisable_cpuintensive.json,2025-11-19T07:07:06.925448
SWdisable_cpuintensive.json,2025-11-19T07:07:15.521346
SWdisable_cpuintensive.json,2025-11-19T07:07:23.989972
SWdisable_cpuintensive.json,2025-11-19T07:07:32.559425
SWdisable_cpuintensive.json,2025-11-19T07:07:41.032800
SWdisable_cpuintensive.json,2025-11-19T07:07:49.619524
SWdisable_cpuintensive.json,2025-11-19T07:07:58.081667
SWdisable_cpuintensive.json,2025-11-19T07:08:06.624703
SWdisable_cpuintensive.json,2025-11-19T07:08:15.067263
SWdisable_cpuintensive.json,2025-11-19T07:08:23.497714
SWdisable_cpuintensive.json,2025-11-19T07:08:31.977486
SWdisable_cpuintensive.json,2025-11-19T07:08:40.423292
SWdisable_cpuintensive.json,2025-11-19T07:08:48.812743
SWdisable_cpuintensive.json,2025-11-19T07:08:57.221354
SWdisable_cpuintensive.json,2025-11-19T07:09:05.645286
SWdisable_cpuintensive.json,2025-11-19T07:09:14.026934
SWdisable_cpuintensive.json,2025-11-19T07:09:22.419273
SWdisable_cpuintensive.json,2025-11-19T07:09:30.828337
SWdisable_cpuintensive.json,2025-11-19T07:09:39.218201
SWdisable_cpuintensive.json,2025-11-19T07:09:47.604016
SWdisable_cpuintensive.json,2025-11-19T07:09:56.113801
SWdisable_cpuintensive.json,2025-11-19T07:10:04.581567
SWdisable_cpuintensive.json,2025-11-19T07:10:13.022416
SWdisable_cpuintensive.json,2025-11-19T07:10:21.470532
SWdisable_cpuintensive.json,2025-11-19T07:10:29.857691
SWdisable_cpuintensive.json,2025-11-19T07:10:38.368302
SWdisable_cpuintensive.json,2025-11-19T07:10:46.905014
SWdisable_cpuintensive.json,2025-11-19T07:10:55.389947
SWdisable_cpuintensive.json,2025-11-19T07:11:03.965991
SWdisable_cpuintensive.json,2025-11-19T07:11:12.452711
SWdisable_cpuintensive.json,2025-11-19T07:11:20.993410
SWdisable_cpuintensive.json,2025-11-19T07:11:29.435722
SWdisable_cpuintensive.json,2025-11-19T07:11:37.983122
SWdisable_cpuintensive.json,2025-11-19T07:11:46.470107
SWdisable_cpuintensive.json,2025-11-19T07:11:54.905623
SWdisable_cpuintensive.json,2025-11-19T07:12:03.303858
SWdisable_cpuintensive.json,2025-11-19T07:12:11.794023
SWdisable_cpuintensive.json,2025-11-19T07:12:20.228687
SWdisable_cpuintensive.json,2025-11-19T07:12:28.625038
SWdisable_cpuintensive.json,2025-11-19T07:12:37.051537
SWdisable_cpuintensive.json,2025-11-19T07:12:45.465567
SWdisable_cpuintensive.json,2025-11-19T07:12:53.865892
SWdisable_cpuintensive.json,2025-11-19T07:13:02.363643
SWdisable_cpuintensive.json,2025-11-19T07:13:10.810773
SWdisable_cpuintensive.json,2025-11-19T07:13:19.215037
SWdisable_cpuintensive.json,2025-11-19T07:13:27.622060
SWdisable_cpuintensive.json,2025-11-19T07:13:36.088879
SWdisable_cpuintensive.json,2025-11-19T07:13:44.562044
SWdisable_cpuintensive.json,2025-11-19T07:13:52.962701
SWdisable_cpuintensive.json,2025-11-19T07:14:01.505246
SWdisable_cpuintensive.json,2025-11-19T07:14:10.015785
SWdisable_cpuintensive.json,2025-11-19T07:14:18.533623
SWdisable_cpuintensive.json,2025-11-19T07:14:26.957181
SWdisable_cpuintensive.json,2025-11-19T07:14:35.424364
SWdisable_cpuintensive.json,2025-11-19T07:14:43.907189
SWdisable_cpuintensive.json,2025-11-19T07:14:52.351314
SWdisable_cpuintensive.json,2025-11-19T07:15:00.788732
SWdisable_cpuintensive.json,2025-11-19T07:15:09.206861
SWdisable_cpuintensive.json,2025-11-19T07:15:17.600392
SWdisable_cpuintensive.json,2025-11-19T07:15:26.038684
SWdisable_cpuintensive.json,2025-11-19T07:15:34.532091
SWdisable_cpuintensive.json,2025-11-19T07:15:42.930346
SWdisable_cpuintensive.json,2025-11-19T07:15:51.389272
SWdisable_cpuintensive.json,2025-11-19T07:15:59.915270
SWdisable_cpuintensive.json,2025-11-19T07:16:08.390382
SWdisable_cpuintensive.json,2025-11-19T07:16:16.804367
SWdisable_cpuintensive.json,2025-11-19T07:16:25.225333
SWdisable_cpuintensive.json,2025-11-19T07:16:33.654149
SWdisable_cpuintensive.json,2025-11-19T07:16:42.164192
SWdisable_cpuintensive.json,2025-11-19T07:16:50.695573
SWdisable_cpuintensive.json,2025-11-19T07:16:59.285334
SWdisable_cpuintensive.json,2025-11-19T07:17:07.779373
SWdisable_cpuintensive.json,2025-11-19T07:17:16.330658
SWdisable_cpuintensive.json,2025-11-19T07:17:24.796796
SWdisable_cpuintensive.json,2025-11-19T07:17:33.378934
SWdisable_cpuintensive.json,2025-11-19T07:17:41.788800
SWdisable_cpuintensive.json,2025-11-19T07:17:50.256097
SWdisable_cpuintensive.json,2025-11-19T07:17:58.660559
SWdisable_cpuintensive.json,2025-11-19T07:18:07.155587
SWdisable_cpuintensive.json,2025-11-19T07:18:15.676957
SWdisable_cpuintensive.json,2025-11-19T07:18:24.139588
SWdisable_cpuintensive.json,2025-11-19T07:18:32.537822
SWdisable_cpuintensive.json,2025-11-19T07:18:40.931425
SWdisable_cpuintensive.json,2025-11-19T07:18:49.319402
SWdisable_cpuintensive.json,2025-11-19T07:18:57.687119
SWdisable_cpuintensive.json,2025-11-19T07:19:06.142888
SWdisable_cpuintensive.json,2025-11-19T07:19:14.581022
SWdisable_cpuintensive.json,2025-11-19T07:19:23.179642
SWdisable_cpuintensive.json,2025-11-19T07:19:31.616488
SWdisable_cpuintensive.json,2025-11-19T07:19:40.142322
SWdisable_cpuintensive.json,2025-11-19T07:19:48.648681
SWdisable_cpuintensive.json,2025-11-19T07:19:57.049316
SWdisable_cpuintensive.json,2025-11-19T07:20:05.458046
SWdisable_cpuintensive.json,2025-11-19T07:20:13.853601
SWdisable_cpuintensive.json,2025-11-19T07:20:22.276302
SWdisable_cpuintensive.json,2025-11-19T07:20:30.686342
SWdisable_cpuintensive.json,2025-11-19T07:20:39.118316
SWdisable_cpuintensive.json,2025-11-19T07:20:47.511728
SWdisable_cpuintensive.json,2025-11-19T07:20:55.929334
SWdisable_cpuintensive.json,2025-11-19T07:21:04.328596
SWdisable_cpuintensive.json,2025-11-19T07:21:12.782653
SWdisable_cpuintensive.json,2025-11-19T07:21:21.339109
SWdisable_cpuintensive.json,2025-11-19T07:21:29.855787
SWdisable_cpuintensive.json,2025-11-19T07:21:38.372445
SWdisable_cpuintensive.json,2025-11-19T07:21:46.890245
SWdisable_cpuintensive.json,2025-11-19T07:21:55.323430
SWdisable_cpuintensive.json,2025-11-19T07:22:03.754340
SWdisable_cpuintensive.json,2025-11-19T07:22:12.137117
SWdisable_cpuintensive.json,2025-11-19T07:22:20.676287
SWdisable_cpuintensive.json,2025-11-19T07:22:29.127029
SWdisable_cpuintensive.json,2025-11-19T07:22:37.516257
SWdisable_cpuintensive.json,2025-11-19T07:22:45.967019
SWdisable_cpuintensive.json,2025-11-19T07:22:54.422744
SWdisable_cpuintensive.json,2025-11-19T07:23:02.833128
SWdisable_cpuintensive.json,2025-11-19T07:23:11.285896
SWdisable_cpuintensive.json,2025-11-19T07:23:19.735502
SWdisable_cpuintensive.json,2025-11-19T07:23:28.236676
SWdisable_cpuintensive.json,2025-11-19T07:26:55.049232
SWdisable_cpuintensive.json,2025-11-19T07:27:03.562827
SWdisable_cpuintensive.json,2025-11-19T07:27:12.258558
SWdisable_cpuintensive.json,2025-11-19T07:27:20.707362
SWdisable_cpuintensive.json,2025-11-19T07:27:29.136094
SWdisable_cpuintensive.json,2025-11-19T07:27:37.573858
SWdisable_cpuintensive.json,2025-11-19T07:27:46.031498
SWdisable_cpuintensive.json,2025-11-19T07:27:54.677495
SWdisable_cpuintensive.json,2025-11-19T07:28:03.222498
SWdisable_cpuintensive.json,2025-11-19T07:28:11.715961
SWdisable_cpuintensive.json,2025-11-19T07:28:20.178152
SWdisable_cpuintensive.json,2025-11-19T07:28:28.631379
SWdisable_cpuintensive.json,2025-11-19T07:28:37.190808
SWdisable_cpuintensive.json,2025-11-19T07:28:45.816104
SWdisable_cpuintensive.json,2025-11-19T07:28:54.383378
SWdisable_cpuintensive.json,2025-11-19T07:29:03.170089
SWdisable_cpuintensive.json,2025-11-19T07:29:11.710193
SWdisable_cpuintensive.json,2025-11-19T07:29:20.179740
SWdisable_cpuintensive.json,2025-11-19T07:29:28.653737
SWdisable_cpuintensive.json,2025-11-19T07:29:37.139346
SWdisable_cpuintensive.json,2025-11-19T07:30:15.119708
SWdisable_cpuintensive.json,2025-11-19T07:30:23.651928
SWdisable_cpuintensive.json,2025-11-19T07:30:32.057293
SWdisable_cpuintensive.json,2025-11-19T07:30:40.544710
SWdisable_cpuintensive.json,2025-11-19T07:30:48.928051
SWdisable_cpuintensive.json,2025-11-19T07:30:57.382996
SWdisable_cpuintensive.json,2025-11-19T07:31:05.915998
SWdisable_cpuintensive.json,2025-11-19T07:31:14.390179
SWdisable_cpuintensive.json,2025-11-19T07:31:22.828313
SWdisable_cpuintensive.json,2025-11-19T07:31:31.312195
SWdisable_cpuintensive.json,2025-11-19T07:31:39.839587
SWdisable_cpuintensive.json,2025-11-19T07:31:48.281545
SWdisable_cpuintensive.json,2025-11-19T07:31:56.738402
SWdisable_cpuintensive.json,2025-11-19T07:32:05.150251
SWdisable_cpuintensive.json,2025-11-19T07:32:13.618383
SWdisable_cpuintensive.json,2025-11-19T07:32:22.144218
SWdisable_cpuintensive.json,2025-11-19T07:32:30.619741
SWdisable_cpuintensive.json,2025-11-19T07:32:39.177750
SWdisable_cpuintensive.json,2025-11-19T07:32:47.705217
SWdisable_cpuintensive.json,2025-11-19T07:32:56.271284
SWdisable_cpuintensive.json,2025-11-19T07:33:04.790481
SWdisable_cpuintensive.json,2025-11-19T07:33:13.342243
SWdisable_cpuintensive.json,2025-11-19T07:33:21.890169
SWdisable_cpuintensive.json,2025-11-19T07:33:30.442347
SWdisable_cpuintensive.json,2025-11-19T07:33:39.023072
SWdisable_cpuintensive.json,2025-11-19T07:33:47.485508
SWdisable_cpuintensive.json,2025-11-19T07:33:55.949499
SWdisable_cpuintensive.json,2025-11-19T07:34:04.370865
SWdisable_cpuintensive.json,2025-11-19T07:34:12.792558
SWdisable_cpuintensive.json,2025-11-19T07:34:21.248693
SWdisable_cpuintensive.json,2025-11-19T07:34:29.699775
SWdisable_cpuintensive.json,2025-11-19T07:34:38.118772
SWdisable_cpuintensive.json,2025-11-19T07:34:46.632090
SWdisable_cpuintensive.json,2025-11-19T07:34:55.043881
SWdisable_cpuintensive.json,2025-11-19T07:35:03.610855
SWdisable_cpuintensive.json,2025-11-19T07:35:12.185089
SWdisable_cpuintensive.json,2025-11-19T07:35:20.753355
SWdisable_cpuintensive.json,2025-11-19T07:35:29.268313
SWdisable_cpuintensive.json,2025-11-19T07:35:37.690686
SWdisable_cpuintensive.json,2025-11-19T07:35:46.121348
SWdisable_cpuintensive.json,2025-11-19T07:35:54.583946
SWdisable_cpuintensive.json,2025-11-19T07:36:03.041736
SWdisable_cpuintensive.json,2025-11-19T07:36:11.500107
SWdisable_cpuintensive.json,2025-11-19T07:36:19.955519
SWdisable_cpuintensive.json,2025-11-19T07:36:28.378253
SWdisable_cpuintensive.json,2025-11-19T07:36:36.880895
SWdisable_cpuintensive.json,2025-11-19T07:36:45.386871
SWdisable_cpuintensive.json,2025-11-19T07:36:53.902092
SWdisable_cpuintensive.json,2025-11-19T07:37:02.416065
SWdisable_cpuintensive.json,2025-11-19T07:37:11.129910
SWdisable_cpuintensive.json,2025-11-19T07:37:19.665994
SWdisable_cpuintensive.json,2025-11-19T07:37:28.166190
SWdisable_cpuintensive.json,2025-11-19T07:37:36.722758
SWdisable_cpuintensive.json,2025-11-19T07:37:45.232764
SWdisable_cpuintensive.json,2025-11-19T07:37:53.680251
SWdisable_cpuintensive.json,2025-11-19T07:38:02.111992
SWdisable_cpuintensive.json,2025-11-19T07:38:10.538744
SWdisable_cpuintensive.json,2025-11-19T07:38:18.971854
SWdisable_cpuintensive.json,2025-11-19T07:38:27.387026
SWdisable_cpuintensive.json,2025-11-19T07:38:35.816277
SWdisable_cpuintensive.json,2025-11-19T07:38:44.495253
SWdisable_cpuintensive.json,2025-11-19T07:38:53.074523
SWdisable_cpuintensive.json,2025-11-19T07:39:01.620090
SWdisable_cpuintensive.json,2025-11-19T07:39:10.127327
SWdisable_cpuintensive.json,2025-11-19T07:39:18.632778
SWdisable_cpuintensive.json,2025-11-19T07:39:27.057604
SWdisable_cpuintensive.json,2025-11-19T07:39:35.557031
SWdisable_cpuintensive.json,2025-11-19T07:39:44.066916
SWdisable_cpuintensive.json,2025-11-19T07:39:52.551092
SWdisable_cpuintensive.json,2025-11-19T07:40:01.068181
SWdisable_cpuintensive.json,2025-11-19T07:40:09.673546
SWdisable_cpuintensive.json,2025-11-19T07:40:18.576417
SWdisable_cpuintensive.json,2025-11-19T07:40:27.303388
SWdisable_cpuintensive.json,2025-11-19T07:40:36.103152
SWdisable_cpuintensive.json,2025-11-19T07:40:44.746547
SWdisable_cpuintensive.json,2025-11-19T07:40:53.302669
SWdisable_cpuintensive.json,2025-11-19T07:41:01.922327
SWdisable_cpuintensive.json,2025-11-19T07:41:10.368101
SWdisable_cpuintensive.json,2025-11-19T07:41:18.894753
SWdisable_cpuintensive.json,2025-11-19T07:41:27.378784
SWdisable_cpuintensive.json,2025-11-19T07:41:35.881558
SWdisable_cpuintensive.json,2025-11-19T07:41:44.275607
SWdisable_cpuintensive.json,2025-11-19T07:41:52.732296
SWdisable_cpuintensive.json,2025-11-19T07:42:01.392438
SWdisable_cpuintensive.json,2025-11-19T07:42:09.963679
SWdisable_cpuintensive.json,2025-11-19T07:42:18.596206
SWdisable_cpuintensive.json,2025-11-19T07:42:27.177646
SWdisable_cpuintensive.json,2025-11-19T07:42:35.779178
SWdisable_cpuintensive.json,2025-11-19T07:42:44.166719
SWdisable_cpuintensive.json,2025-11-19T07:42:52.659318
SWdisable_cpuintensive.json,2025-11-19T07:43:01.215256
SWdisable_cpuintensive.json,2025-11-19T07:43:09.664599
SWdisable_cpuintensive.json,2025-11-19T07:43:18.129116
SWdisable_cpuintensive.json,2025-11-19T07:43:26.621699
SWdisable_cpuintensive.json,2025-11-19T07:43:35.225872
SWdisable_cpuintensive.json,2025-11-19T07:43:43.687679
SWdisable_cpuintensive.json,2025-11-19T07:43:52.187141
SWdisable_cpuintensive.json,2025-11-19T07:44:00.650747
SWdisable_cpuintensive.json,2025-11-19T07:44:09.159015
SWdisable_cpuintensive.json,2025-11-19T07:44:17.626061
SWdisable_cpuintensive.json,2025-11-19T07:44:26.142465
SWdisable_cpuintensive.json,2025-11-19T07:44:34.636248
SWdisable_cpuintensive.json,2025-11-19T07:44:43.094300
SWdisable_cpuintensive.json,2025-11-19T07:44:51.548637
SWdisable_cpuintensive.json,2025-11-19T07:45:00.016956
SWdisable_cpuintensive.json,2025-11-19T07:45:08.602343
SWdisable_cpuintensive.json,2025-11-19T07:45:17.081482
SWdisable_cpuintensive.json,2025-11-19T07:45:25.548391
SWdisable_cpuintensive.json,2025-11-19T07:45:33.975825
SWdisable_cpuintensive.json,2025-11-19T07:45:42.397537
SWdisable_cpuintensive.json,2025-11-19T07:45:50.831394
SWdisable_cpuintensive.json,2025-11-19T07:45:59.378160
SWdisable_cpuintensive.json,2025-11-19T07:46:07.847942
SWdisable_cpuintensive.json,2025-11-19T07:46:16.385389
SWdisable_cpuintensive.json,2025-11-19T07:46:24.892938
SWdisable_cpuintensive.json,2025-11-19T07:46:33.381131
SWdisable_cpuintensive.json,2025-11-19T07:46:41.828567
SWdisable_cpuintensive.json,2025-11-19T07:46:50.213123
SWdisable_cpuintensive.json,2025-11-19T07:46:58.668308
SWdisable_cpuintensive.json,2025-11-19T07:47:07.106366
SWdisable_cpuintensive.json,2025-11-19T07:47:15.575045
SWdisable_cpuintensive.json,2025-11-19T07:47:24.196837
SWdisable_cpuintensive.json,2025-11-19T07:47:32.660667
SWdisable_cpuintensive.json,2025-11-19T07:47:41.101773
SWdisable_cpuintensive.json,2025-11-19T07:47:49.528653
SWdisable_cpuintensive.json,2025-11-19T07:47:57.952341
SWdisable_cpuintensive.json,2025-11-19T07:48:06.363659
SWdisable_cpuintensive.json,2025-11-19T07:48:14.790099
SWdisable_cpuintensive.json,2025-11-19T07:48:23.221730
SWdisable_cpuintensive.json,2025-11-19T07:48:31.692452
SWdisable_cpuintensive.json,2025-11-19T07:48:40.263736
SWdisable_cpuintensive.json,2025-11-19T07:48:48.710942
SWdisable_cpuintensive.json,2025-11-19T07:48:57.226843
SWdisable_cpuintensive.json,2025-11-19T07:49:05.708453
SWdisable_cpuintensive.json,2025-11-19T07:49:14.159020
SWdisable_cpuintensive.json,2025-11-19T07:49:22.585664
SWdisable_cpuintensive.json,2025-11-19T07:49:31.109608
SWdisable_cpuintensive.json,2025-11-19T07:49:39.555061
SWdisable_cpuintensive.json,2025-11-19T07:49:48.010906
SWdisable_cpuintensive.json,2025-11-19T07:49:56.602461
SWdisable_cpuintensive.json,2025-11-19T07:50:05.107077
SWdisable_cpuintensive.json,2025-11-19T07:50:13.649808
SWdisable_cpuintensive.json,2025-11-19T07:50:22.070750
SWdisable_cpuintensive.json,2025-11-19T07:50:30.502719
SWdisable_cpuintensive.json,2025-11-19T07:50:38.913840
SWdisable_cpuintensive.json,2025-11-19T07:50:47.377887
SWdisable_cpuintensive.json,2025-11-19T07:50:55.971002
SWdisable_cpuintensive.json,2025-11-19T07:51:04.509156
SWdisable_cpuintensive.json,2025-11-19T07:51:12.988088
SWdisable_cpuintensive.json,2025-11-19T07:51:21.518202
SWdisable_cpuintensive.json,2025-11-19T07:51:30.027141
SWdisable_cpuintensive.json,2025-11-19T07:51:38.540858
SWdisable_cpuintensive.json,2025-11-19T07:51:47.022155
SWdisable_cpuintensive.json,2025-11-19T07:51:55.558851
SWdisable_cpuintensive.json,2025-11-19T07:52:04.096896
SWdisable_cpuintensive.json,2025-11-19T07:52:12.685657
SWdisable_cpuintensive.json,2025-11-19T07:52:21.168582
SWdisable_cpuintensive.json,2025-11-19T07:52:29.653370
SWdisable_cpuintensive.json,2025-11-19T07:52:38.097115
SWdisable_cpuintensive.json,2025-11-19T07:52:46.640555
SWdisable_cpuintensive.json,2025-11-19T07:52:55.136160
SWdisable_cpuintensive.json,2025-11-19T07:53:03.549247
SWdisable_cpuintensive.json,2025-11-19T07:53:11.963192
SWdisable_cpuintensive.json,2025-11-19T07:53:20.366670
SWdisable_cpuintensive.json,2025-11-19T07:53:28.881324
SWdisable_cpuintensive.json,2025-11-19T07:53:37.380758
SWdisable_cpuintensive.json,2025-11-19T07:53:45.862292
SWdisable_cpuintensive.json,2025-11-19T07:53:54.351720
SWdisable_cpuintensive.json,2025-11-19T07:54:02.792355
SWdisable_cpuintensive.json,2025-11-19T07:54:11.228676
SWdisable_cpuintensive.json,2025-11-19T07:54:19.686289
SWdisable_cpuintensive.json,2025-11-19T07:54:28.077675
SWdisable_cpuintensive.json,2025-11-19T07:54:36.587501
SWdisable_cpuintensive.json,2025-11-19T07:54:45.119843
SWdisable_cpuintensive.json,2025-11-19T07:54:53.607626
SWdisable_cpuintensive.json,2025-11-19T07:55:02.070953
SWdisable_cpuintensive.json,2025-11-19T07:55:10.598926
SWdisable_cpuintensive.json,2025-11-19T07:55:19.066681
SWdisable_cpuintensive.json,2025-11-19T07:55:27.522582
SWdisable_cpuintensive.json,2025-11-19T07:55:36.033492
SWdisable_cpuintensive.json,2025-11-19T07:55:44.498534
SWdisable_cpuintensive.json,2025-11-19T07:55:53.054272
SWdisable_cpuintensive.json,2025-11-19T07:56:01.643644
SWdisable_cpuintensive.json,2025-11-19T07:56:10.154213
SWdisable_cpuintensive.json,2025-11-19T07:56:18.625098
SWdisable_cpuintensive.json,2025-11-19T07:56:27.123498
SWdisable_cpuintensive.json,2025-11-19T07:56:35.645486
SWdisable_cpuintensive.json,2025-11-19T07:56:44.066675
SWdisable_cpuintensive.json,2025-11-19T07:56:52.538300
SWdisable_cpuintensive.json,2025-11-19T07:57:00.998024
SWdisable_cpuintensive.json,2025-11-19T07:57:09.549595
SWdisable_cpuintensive.json,2025-11-19T07:57:18.091623
SWdisable_cpuintensive.json,2025-11-19T07:57:26.647052
SWdisable_cpuintensive.json,2025-11-19T07:57:35.114177
SWdisable_cpuintensive.json,2025-11-19T07:57:43.646886
SWdisable_cpuintensive.json,2025-11-19T07:57:52.175725
SWdisable_cpuintensive.json,2025-11-19T07:58:00.615555
SWdisable_cpuintensive.json,2025-11-19T07:58:09.108788
SWdisable_cpuintensive.json,2025-11-19T07:58:17.581702
SWdisable_cpuintensive.json,2025-11-19T07:58:26.111024
SWdisable_cpuintensive.json,2025-11-19T07:58:34.579594
SWdisable_cpuintensive.json,2025-11-19T07:58:43.002540
SWdisable_cpuintensive.json,2025-11-19T07:58:51.472787
SWdisable_cpuintensive.json,2025-11-19T07:59:00.012180
SWdisable_cpuintensive.json,2025-11-19T07:59:08.537582
SWdisable_cpuintensive.json,2025-11-19T07:59:16.967709
SWdisable_cpuintensive.json,2025-11-19T07:59:25.472098
SWdisable_cpuintensive.json,2025-11-19T07:59:33.962931
SWdisable_cpuintensive.json,2025-11-19T07:59:42.485214
SWdisable_cpuintensive.json,2025-11-19T07:59:50.907826
SWdisable_cpuintensive.json,2025-11-19T07:59:59.346349
SWdisable_cpuintensive.json,2025-11-19T08:00:07.750697
SWdisable_cpuintensive.json,2025-11-19T08:00:16.159825
SWdisable_cpuintensive.json,2025-11-19T08:00:24.577870
SWdisable_cpuintensive.json,2025-11-19T08:00:33.128705
SWdisable_cpuintensive.json,2025-11-19T08:00:41.653883
SWdisable_cpuintensive.json,2025-11-19T08:00:50.252575
SWdisable_cpuintensive.json,2025-11-19T08:00:58.779884
SWdisable_cpuintensive.json,2025-11-19T08:01:07.187903
SWdisable_cpuintensive.json,2025-11-19T08:01:15.577800
SWdisable_cpuintensive.json,2025-11-19T08:01:24.005221
SWdisable_cpuintensive.json,2025-11-19T08:01:32.467096
SWdisable_cpuintensive.json,2025-11-19T08:01:40.950496
SWdisable_cpuintensive.json,2025-11-19T08:01:49.394535
SWdisable_cpuintensive.json,2025-11-19T08:01:57.866726
SWdisable_cpuintensive.json,2025-11-19T08:02:06.360401
SWdisable_cpuintensive.json,2025-11-19T08:02:14.877152
SWdisable_cpuintensive.json,2025-11-19T08:02:23.435585
SWdisable_cpuintensive.json,2025-11-19T08:02:31.967290
SWdisable_cpuintensive.json,2025-11-19T08:02:40.527125
SWdisable_cpuintensive.json,2025-11-19T08:02:48.966293
SWdisable_cpuintensive.json,2025-11-19T08:02:57.423116
SWdisable_cpuintensive.json,2025-11-19T08:03:05.850162
SWdisable_cpuintensive.json,2025-11-19T08:03:14.338779
SWdisable_cpuintensive.json,2025-11-19T08:03:22.780289
SWdisable_cpuintensive.json,2025-11-19T08:03:31.270692
SWdisable_cpuintensive.json,2025-11-19T08:03:39.689275
SWdisable_cpuintensive.json,2025-11-19T08:03:48.187306
SWdisable_cpuintensive.json,2025-11-19T08:03:56.736032
SWdisable_cpuintensive.json,2025-11-19T08:04:05.217398
SWdisable_cpuintensive.json,2025-11-19T08:04:13.788927
SWdisable_cpuintensive.json,2025-11-19T08:04:22.292374
SWdisable_cpuintensive.json,2025-11-19T08:04:30.809081
SWdisable_cpuintensive.json,2025-11-19T08:04:39.262929
SWdisable_cpuintensive.json,2025-11-19T08:04:47.708282
SWdisable_cpuintensive.json,2025-11-19T08:04:56.121672
SWdisable_cpuintensive.json,2025-11-19T08:05:04.549258
SWdisable_cpuintensive.json,2025-11-19T08:05:12.959745
SWdisable_cpuintensive.json,2025-11-19T08:05:21.400360
SWdisable_cpuintensive.json,2025-11-19T08:05:29.831288
SWdisable_cpuintensive.json,2025-11-19T08:05:38.265011
SWdisable_cpuintensive.json,2025-11-19T08:05:46.777291
SWdisable_cpuintensive.json,2025-11-19T08:05:55.219784
SWdisable_cpuintensive.json,2025-11-19T08:06:03.723803
SWdisable_cpuintensive.json,2025-11-19T08:06:12.175449
SWdisable_cpuintensive.json,2025-11-19T08:06:20.632607
SWdisable_cpuintensive.json,2025-11-19T08:06:29.045337
SWdisable_cpuintensive.json,2025-11-19T08:06:37.533583
SWdisable_cpuintensive.json,2025-11-19T08:06:45.961451
SWdisable_cpuintensive.json,2025-11-19T08:06:54.432472
SWdisable_cpuintensive.json,2025-11-19T08:07:02.815315
SWdisable_cpuintensive.json,2025-11-19T08:07:11.287561
SWdisable_cpuintensive.json,2025-11-19T08:07:19.776619
SWdisable_cpuintensive.json,2025-11-19T08:07:28.194274
SWdisable_cpuintensive.json,2025-11-19T08:07:36.678151
SWdisable_cpuintensive.json,2025-11-19T08:07:45.137902
SWdisable_cpuintensive.json,2025-11-19T08:07:53.652677
SWdisable_cpuintensive.json,2025-11-19T08:08:02.118386
SWdisable_cpuintensive.json,2025-11-19T08:08:10.632113
SWdisable_cpuintensive.json,2025-11-19T08:08:19.045064
SWdisable_cpuintensive.json,2025-11-19T08:08:27.475654
SWdisable_cpuintensive.json,2025-11-19T08:08:35.971439
SWdisable_cpuintensive.json,2025-11-19T08:08:44.459924
SWdisable_cpuintensive.json,2025-11-19T08:08:52.882814
SWdisable_cpuintensive.json,2025-11-19T08:09:01.279829
SWdisable_cpuintensive.json,2025-11-19T08:09:09.661868
SWdisable_cpuintensive.json,2025-11-19T08:09:18.184256
SWdisable_cpuintensive.json,2025-11-19T08:09:26.637933
SWdisable_cpuintensive.json,2025-11-19T08:09:35.099573
SWdisable_cpuintensive.json,2025-11-19T08:09:43.595032
SWdisable_cpuintensive.json,2025-11-19T08:09:52.054322
SWdisable_cpuintensive.json,2025-11-19T08:10:00.535365
SWdisable_cpuintensive.json,2025-11-19T08:10:08.996215
SWdisable_cpuintensive.json,2025-11-19T08:10:17.488623
SWdisable_cpuintensive.json,2025-11-19T08:10:26.137813
SWdisable_cpuintensive.json,2025-11-19T08:10:34.638925
SWdisable_cpuintensive.json,2025-11-19T08:10:43.242648
SWdisable_cpuintensive.json,2025-11-19T08:10:51.693800
SWdisable_cpuintensive.json,2025-11-19T08:11:00.123402
SWdisable_cpuintensive.json,2025-11-19T08:11:08.568985
SWdisable_cpuintensive.json,2025-11-19T08:11:17.040922
SWdisable_cpuintensive.json,2025-11-19T08:11:25.440534
SWdisable_cpuintensive.json,2025-11-19T08:11:33.941093
SWdisable_cpuintensive.json,2025-11-19T08:11:42.418328
SWdisable_cpuintensive.json,2025-11-19T08:11:50.857839
SWdisable_cpuintensive.json,2025-11-19T08:11:59.498446
SWdisable_cpuintensive.json,2025-11-19T08:12:08.028330
SWdisable_cpuintensive.json,2025-11-19T08:12:16.535605
SWdisable_cpuintensive.json,2025-11-19T08:12:24.962915
SWdisable_cpuintensive.json,2025-11-19T08:12:33.488797
SWdisable_cpuintensive.json,2025-11-19T08:12:41.995236
SWdisable_cpuintensive.json,2025-11-19T08:12:50.397704
SWdisable_cpuintensive.json,2025-11-19T08:12:58.919688
SWdisable_cpuintensive.json,2025-11-19T08:13:07.383471
SWdisable_cpuintensive.json,2025-11-19T08:13:15.914156
SWdisable_cpuintensive.json,2025-11-19T08:13:24.470384
SWdisable_cpuintensive.json,2025-11-19T08:13:32.974097
SWdisable_cpuintensive.json,2025-11-19T08:13:41.420693
SWdisable_cpuintensive.json,2025-11-19T08:13:49.934791
SWdisable_cpuintensive.json,2025-11-19T08:13:58.428868
SWdisable_cpuintensive.json,2025-11-19T08:14:06.890227
SWdisable_cpuintensive.json,2025-11-19T08:14:15.359349
SWdisable_cpuintensive.json,2025-11-19T08:14:23.826615
SWdisable_cpuintensive.json,2025-11-19T08:14:32.325600
SWdisable_cpuintensive.json,2025-11-19T08:14:40.815576
SWdisable_cpuintensive.json,2025-11-19T08:14:49.352498
SWdisable_cpuintensive.json,2025-11-19T08:14:57.966327
SWdisable_cpuintensive.json,2025-11-19T08:15:06.445656
SWdisable_cpuintensive.json,2025-11-19T08:15:14.898654
SWdisable_cpuintensive.json,2025-11-19T08:15:23.435095
SWdisable_cpuintensive.json,2025-11-19T08:15:31.837078
SWdisable_cpuintensive.json,2025-11-19T08:15:40.294868
SWdisable_cpuintensive.json,2025-11-19T08:15:48.829680
SWdisable_cpuintensive.json,2025-11-19T08:15:57.286220
SWdisable_cpuintensive.json,2025-11-19T08:16:05.765104
SWdisable_cpuintensive.json,2025-11-19T08:16:14.229997
SWdisable_cpuintensive.json,2025-11-19T08:16:22.696280
SWdisable_cpuintensive.json,2025-11-19T08:16:31.122456
SWdisable_cpuintensive.json,2025-11-19T08:16:39.582561
SWdisable_cpuintensive.json,2025-11-19T08:16:48.045092
SWdisable_cpuintensive.json,2025-11-19T08:16:56.422071
SWdisable_cpuintensive.json,2025-11-19T08:17:04.954098
SWdisable_cpuintensive.json,2025-11-19T08:17:13.421450
SWdisable_cpuintensive.json,2025-11-19T08:17:21.880861
SWdisable_cpuintensive.json,2025-11-19T08:17:30.405771
SWdisable_cpuintensive.json,2025-11-19T08:17:38.913900
SWdisable_cpuintensive.json,2025-11-19T08:17:47.312652
SWdisable_cpuintensive.json,2025-11-19T08:17:55.775002
SWdisable_cpuintensive.json,2025-11-19T08:18:04.336127
SWdisable_cpuintensive.json,2025-11-19T08:18:12.763993
SWdisable_cpuintensive.json,2025-11-19T08:18:21.190028
SWdisable_cpuintensive.json,2025-11-19T08:18:29.673627
SWdisable_cpuintensive.json,2025-11-19T08:18:38.164320
SWdisable_cpuintensive.json,2025-11-19T08:18:46.694235
SWdisable_cpuintensive.json,2025-11-19T08:18:55.155639
SWdisable_cpuintensive.json,2025-11-19T08:19:03.541587
SWdisable_cpuintensive.json,2025-11-19T08:19:12.143980
SWdisable_cpuintensive.json,2025-11-19T08:19:20.885691
SWdisable_cpuintensive.json,2025-11-19T08:19:29.347897
SWdisable_cpuintensive.json,2025-11-19T08:19:37.875892
SWdisable_cpuintensive.json,2025-11-19T08:19:46.323162
SWdisable_cpuintensive.json,2025-11-19T08:19:54.869884
SWdisable_cpuintensive.json,2025-11-19T08:20:03.308002
SWdisable_cpuintensive.json,2025-11-19T08:20:11.732864
SWdisable_cpuintensive.json,2025-11-19T08:20:20.215196
SWdisable_cpuintensive.json,2025-11-19T08:20:28.704212
SWdisable_cpuintensive.json,2025-11-19T08:20:37.127332
SWdisable_cpuintensive.json,2025-11-19T08:20:45.554172
SWdisable_cpuintensive.json,2025-11-19T08:20:54.204170
SWdisable_cpuintensive.json,2025-11-19T08:21:02.740277
SWdisable_cpuintensive.json,2025-11-19T08:21:11.392591
SWdisable_cpuintensive.json,2025-11-19T08:21:19.931227
SWdisable_cpuintensive.json,2025-11-19T08:21:28.359482
SWdisable_cpuintensive.json,2025-11-19T08:21:36.797918
SWdisable_cpuintensive.json,2025-11-19T08:21:45.202472
SWdisable_cpuintensive.json,2025-11-19T08:21:53.657190
SWdisable_cpuintensive.json,2025-11-19T08:22:02.155612
SWdisable_cpuintensive.json,2025-11-19T08:22:10.520273
SWdisable_cpuintensive.json,2025-11-19T08:22:19.163013
SWdisable_cpuintensive.json,2025-11-19T08:22:27.641351
SWdisable_cpuintensive.json,2025-11-19T08:22:36.088346
SWdisable_cpuintensive.json,2025-11-19T08:22:44.637102
SWdisable_cpuintensive.json,2025-11-19T08:22:53.220753
SWdisable_cpuintensive.json,2025-11-19T08:23:01.782729
SWdisable_cpuintensive.json,2025-11-19T08:23:10.306141
SWdisable_cpuintensive.json,2025-11-19T08:23:18.770734
SWdisable_cpuintensive.json,2025-11-19T08:23:27.292530
SWdisable_cpuintensive.json,2025-11-19T08:23:35.853547
SWdisable_cpuintensive.json,2025-11-19T08:23:44.359779
SWdisable_cpuintensive.json,2025-11-19T08:23:52.823874
SWdisable_cpuintensive.json,2025-11-19T08:24:01.248655
SWdisable_cpuintensive.json,2025-11-19T08:24:09.785627
SWdisable_cpuintensive.json,2025-11-19T08:24:18.252959
SWdisable_cpuintensive.json,2025-11-19T08:24:26.770870
SWdisable_cpuintensive.json,2025-11-19T08:24:35.373355
SWdisable_cpuintensive.json,2025-11-19T08:24:43.880256
SWdisable_cpuintensive.json,2025-11-19T08:24:52.421666
SWdisable_cpuintensive.json,2025-11-19T08:25:00.877118
SWdisable_cpuintensive.json,2025-11-19T08:25:09.342740
SWdisable_cpuintensive.json,2025-11-19T08:25:17.869589
SWdisable_cpuintensive.json,2025-11-19T08:25:26.328867
SWdisable_cpuintensive.json,2025-11-19T08:25:34.804669
SWdisable_cpuintensive.json,2025-11-19T08:25:43.266699
SWdisable_cpuintensive.json,2025-11-19T08:25:51.719047
SWdisable_cpuintensive.json,2025-11-19T08:26:00.229720
SWdisable_cpuintensive.json,2025-11-19T08:26:08.777945
SWdisable_cpuintensive.json,2025-11-19T08:26:17.333755
SWdisable_cpuintensive.json,2025-11-19T08:26:25.954362
SWdisable_cpuintensive.json,2025-11-19T08:26:34.444489
SWdisable_cpuintensive.json,2025-11-19T08:26:42.932148
SWdisable_cpuintensive.json,2025-11-19T08:26:51.370323
SWdisable_cpuintensive.json,2025-11-19T08:26:59.826365
SWdisable_cpuintensive.json,2025-11-19T08:27:08.266824
SWdisable_cpuintensive.json,2025-11-19T08:27:16.730068
SWdisable_cpuintensive.json,2025-11-19T08:27:25.182809
SWdisable_cpuintensive.json,2025-11-19T08:27:33.628166
SWdisable_cpuintensive.json,2025-11-19T08:27:42.136576
SWdisable_cpuintensive.json,2025-11-19T08:27:50.609687
SWdisable_cpuintensive.json,2025-11-19T08:27:59.133587
SWdisable_cpuintensive.json,2025-11-19T08:28:07.540569
SWdisable_cpuintensive.json,2025-11-19T08:28:15.998899
SWdisable_cpuintensive.json,2025-11-19T08:28:24.418242
SWdisable_cpuintensive.json,2025-11-19T08:28:32.870843
SWdisable_cpuintensive.json,2025-11-19T08:28:41.299690
SWdisable_cpuintensive.json,2025-11-19T08:28:49.735040
SWdisable_cpuintensive.json,2025-11-19T08:28:58.254398
SWdisable_cpuintensive.json,2025-11-19T08:29:06.835578
SWdisable_cpuintensive.json,2025-11-19T08:29:15.485711
SWdisable_cpuintensive.json,2025-11-19T08:29:23.949051
SWdisable_cpuintensive.json,2025-11-19T08:29:32.415671
SWdisable_cpuintensive.json,2025-11-19T08:29:40.936985
SWdisable_cpuintensive.json,2025-11-19T08:29:49.412091
SWdisable_cpuintensive.json,2025-11-19T08:29:57.821963
SWdisable_cpuintensive.json,2025-11-19T08:30:06.258502
SWdisable_cpuintensive.json,2025-11-19T08:30:14.700536
SWdisable_cpuintensive.json,2025-11-19T08:30:23.198794
SWdisable_cpuintensive.json,2025-11-19T08:30:31.731107
SWdisable_cpuintensive.json,2025-11-19T08:30:40.220385
SWdisable_cpuintensive.json,2025-11-19T08:30:48.762915
SWdisable_cpuintensive.json,2025-11-19T08:30:57.323581
SWdisable_cpuintensive.json,2025-11-19T08:31:05.812778
SWdisable_cpuintensive.json,2025-11-19T08:31:14.285512
SWdisable_cpuintensive.json,2025-11-19T08:31:22.692612
SWdisable_cpuintensive.json,2025-11-19T08:31:31.110973
SWdisable_cpuintensive.json,2025-11-19T08:31:39.945267
SWdisable_cpuintensive.json,2025-11-19T08:31:48.389936
SWdisable_cpuintensive.json,2025-11-19T08:31:56.839676
SWdisable_cpuintensive.json,2025-11-19T08:32:05.348866
SWdisable_cpuintensive.json,2025-11-19T08:32:13.825979
SWdisable_cpuintensive.json,2025-11-19T08:32:22.373215
SWdisable_cpuintensive.json,2025-11-19T08:32:30.835756
SWdisable_cpuintensive.json,2025-11-19T08:32:39.278038
SWdisable_cpuintensive.json,2025-11-19T08:32:47.691996
SWdisable_cpuintensive.json,2025-11-19T08:32:56.130665
SWdisable_cpuintensive.json,2025-11-19T08:33:04.629971
SWdisable_cpuintensive.json,2025-11-19T08:33:13.102439
SWdisable_cpuintensive.json,2025-11-19T08:33:21.632421
SWdisable_cpuintensive.json,2025-11-19T08:33:30.171663
SWdisable_cpuintensive.json,2025-11-19T08:33:38.639927
SWdisable_cpuintensive.json,2025-11-19T08:33:47.078834
SWdisable_cpuintensive.json,2025-11-19T08:33:55.549201
SWdisable_cpuintensive.json,2025-11-19T08:34:04.063564
SWdisable_cpuintensive.json,2025-11-19T08:34:12.564128
SWdisable_cpuintensive.json,2025-11-19T08:34:21.069426
SWdisable_cpuintensive.json,2025-11-19T08:34:29.550061
SWdisable_cpuintensive.json,2025-11-19T08:34:38.073139
SWdisable_cpuintensive.json,2025-11-19T08:34:46.585783
SWdisable_cpuintensive.json,2025-11-19T08:34:55.112292
SWdisable_cpuintensive.json,2025-11-19T08:35:03.541269
SWdisable_cpuintensive.json,2025-11-19T08:35:12.046832
SWdisable_cpuintensive.json,2025-11-19T08:35:20.538539
SWdisable_cpuintensive.json,2025-11-19T08:35:28.977773
SWdisable_cpuintensive.json,2025-11-19T08:35:37.600634
SWdisable_cpuintensive.json,2025-11-19T08:35:46.152872
SWdisable_cpuintensive.json,2025-11-19T08:35:54.633419
SWdisable_cpuintensive.json,2025-11-19T08:36:03.084811
SWdisable_cpuintensive.json,2025-11-19T08:36:11.491081
SWdisable_cpuintensive.json,2025-11-19T08:36:19.923323
SWdisable_cpuintensive.json,2025-11-19T08:36:28.368539
SWdisable_cpuintensive.json,2025-11-19T08:36:36.791489
SWdisable_cpuintensive.json,2025-11-19T08:36:45.310269
SWdisable_cpuintensive.json,2025-11-19T08:36:53.893131
SWdisable_cpuintensive.json,2025-11-19T08:37:02.357907
SWdisable_cpuintensive.json,2025-11-19T08:37:10.825210
SWdisable_cpuintensive.json,2025-11-19T08:37:19.295348
SWdisable_cpuintensive.json,2025-11-19T08:37:27.724271
SWdisable_cpuintensive.json,2025-11-19T08:37:36.164261
SWdisable_cpuintensive.json,2025-11-19T08:37:44.601081
SWdisable_cpuintensive.json,2025-11-19T08:37:53.219049
SWdisable_cpuintensive.json,2025-11-19T08:38:01.739026
SWdisable_cpuintensive.json,2025-11-19T08:38:10.283797
SWdisable_cpuintensive.json,2025-11-19T08:38:18.813564
SWdisable_cpuintensive.json,2025-11-19T08:38:27.274389
SWdisable_cpuintensive.json,2025-11-19T08:38:35.791238
SWdisable_cpuintensive.json,2025-11-19T08:38:44.271959
SWdisable_cpuintensive.json,2025-11-19T08:38:52.782796
SWdisable_cpuintensive.json,2025-11-19T08:39:01.258974
SWdisable_cpuintensive.json,2025-11-19T08:39:09.776459
SWdisable_cpuintensive.json,2025-11-19T08:39:18.222609
SWdisable_cpuintensive.json,2025-11-19T08:39:26.806255
SWdisable_cpuintensive.json,2025-11-19T08:39:35.259442
SWdisable_cpuintensive.json,2025-11-19T08:39:43.705732
SWdisable_cpuintensive.json,2025-11-19T08:39:52.150753
SWdisable_cpuintensive.json,2025-11-19T08:40:00.580932
SWdisable_cpuintensive.json,2025-11-19T08:40:09.093393
SWdisable_cpuintensive.json,2025-11-19T08:40:17.555155
SWdisable_cpuintensive.json,2025-11-19T08:40:26.011258
SWdisable_cpuintensive.json,2025-11-19T08:40:34.433010
SWdisable_cpuintensive.json,2025-11-19T08:40:42.986910
SWdisable_cpuintensive.json,2025-11-19T08:40:51.485947
SWdisable_cpuintensive.json,2025-11-19T08:40:59.944992
SWdisable_cpuintensive.json,2025-11-19T08:41:08.436662
SWdisable_cpuintensive.json,2025-11-19T08:41:16.870992
SWdisable_cpuintensive.json,2025-11-19T08:41:25.314531
SWdisable_cpuintensive.json,2025-11-19T08:41:33.801545
SWdisable_cpuintensive.json,2025-11-19T08:41:42.307042
SWdisable_cpuintensive.json,2025-11-19T08:41:50.792912
SWdisable_cpuintensive.json,2025-11-19T08:41:59.481015
SWdisable_cpuintensive.json,2025-11-19T08:42:08.029389
SWdisable_cpuintensive.json,2025-11-19T08:42:16.480725
SWdisable_cpuintensive.json,2025-11-19T08:42:24.939763
SWdisable_cpuintensive.json,2025-11-19T08:42:33.399951
SWdisable_cpuintensive.json,2025-11-19T08:42:41.941422
SWdisable_cpuintensive.json,2025-11-19T08:42:50.451513
SWdisable_cpuintensive.json,2025-11-19T08:42:58.962043
SWdisable_cpuintensive.json,2025-11-19T08:43:07.395712
SWdisable_cpuintensive.json,2025-11-19T08:43:15.839819
SWdisable_cpuintensive.json,2025-11-19T08:43:24.315614
SWdisable_cpuintensive.json,2025-11-19T08:43:32.757789
SWdisable_cpuintensive.json,2025-11-19T08:43:41.191339
SWdisable_cpuintensive.json,2025-11-19T08:43:49.727327
SWdisable_cpuintensive.json,2025-11-19T08:43:58.282944
SWdisable_cpuintensive.json,2025-11-19T08:44:06.753469
SWdisable_cpuintensive.json,2025-11-19T08:44:15.203068
SWdisable_cpuintensive.json,2025-11-19T08:44:23.648669
SWdisable_cpuintensive.json,2025-11-19T08:44:32.082784
SWdisable_cpuintensive.json,2025-11-19T08:44:40.585793
SWdisable_cpuintensive.json,2025-11-19T08:44:49.058925
SWdisable_cpuintensive.json,2025-11-19T08:44:57.656374
SWdisable_cpuintensive.json,2025-11-19T08:45:06.218904
SWdisable_cpuintensive.json,2025-11-19T08:45:14.766753
SWdisable_cpuintensive.json,2025-11-19T08:45:23.211714
SWdisable_cpuintensive.json,2025-11-19T08:45:31.690780
SWdisable_cpuintensive.json,2025-11-19T08:45:40.127239
SWdisable_cpuintensive.json,2025-11-19T08:45:48.563577
SWdisable_cpuintensive.json,2025-11-19T08:45:56.984061
SWdisable_cpuintensive.json,2025-11-19T08:46:05.438569
SWdisable_cpuintensive.json,2025-11-19T08:46:13.948629
SWdisable_cpuintensive.json,2025-11-19T08:46:22.412948
SWdisable_cpuintensive.json,2025-11-19T08:46:30.870067
SWdisable_cpuintensive.json,2025-11-19T08:46:39.331409
SWdisable_cpuintensive.json,2025-11-19T08:46:47.788748
SWdisable_cpuintensive.json,2025-11-19T08:46:56.256287
SWdisable_cpuintensive.json,2025-11-19T08:47:04.787997
SWdisable_cpuintensive.json,2025-11-19T08:47:13.370419
SWdisable_cpuintensive.json,2025-11-19T08:47:21.844017
SWdisable_cpuintensive.json,2025-11-19T08:47:30.397789
SWdisable_cpuintensive.json,2025-11-19T08:47:38.866804
SWdisable_cpuintensive.json,2025-11-19T08:47:47.283682
SWdisable_cpuintensive.json,2025-11-19T08:47:55.810740
SWdisable_cpuintensive.json,2025-11-19T08:48:04.284772
SWdisable_cpuintensive.json,2025-11-19T08:48:12.782217
SWdisable_cpuintensive.json,2025-11-19T08:48:21.317304
SWdisable_cpuintensive.json,2025-11-19T08:48:29.785593
SWdisable_cpuintensive.json,2025-11-19T08:48:38.242091
SWdisable_cpuintensive.json,2025-11-19T08:48:46.652069
SWdisable_cpuintensive.json,2025-11-19T08:48:55.080383
SWdisable_cpuintensive.json,2025-11-19T08:49:03.550913
SWdisable_cpuintensive.json,2025-11-19T08:49:12.013414
SWdisable_cpuintensive.json,2025-11-19T08:49:20.530091
SWdisable_cpuintensive.json,2025-11-19T08:49:29.055191
SWdisable_cpuintensive.json,2025-11-19T08:49:37.600850
SWdisable_cpuintensive.json,2025-11-19T08:49:46.154669
SWdisable_cpuintensive.json,2025-11-19T08:49:54.641141
SWdisable_cpuintensive.json,2025-11-19T08:50:03.072818
SWdisable_cpuintensive.json,2025-11-19T08:50:11.524045
SWdisable_cpuintensive.json,2025-11-19T08:50:19.952103
SWdisable_cpuintensive.json,2025-11-19T08:50:28.387419
SWdisable_cpuintensive.json,2025-11-19T08:50:36.849885
SWdisable_cpuintensive.json,2025-11-19T08:50:45.313682
SWdisable_cpuintensive.json,2025-11-19T08:50:53.862028
SWdisable_cpuintensive.json,2025-11-19T08:51:02.331323
SWdisable_cpuintensive.json,2025-11-19T08:51:10.777404
SWdisable_cpuintensive.json,2025-11-19T08:51:19.232328
SWdisable_cpuintensive.json,2025-11-19T08:51:27.691847
SWdisable_cpuintensive.json,2025-11-19T08:51:36.154980
SWdisable_cpuintensive.json,2025-11-19T08:51:44.567949
SWdisable_cpuintensive.json,2025-11-19T08:51:53.009858
SWdisable_cpuintensive.json,2025-11-19T08:52:01.504074
SWdisable_cpuintensive.json,2025-11-19T08:52:09.919855
SWdisable_cpuintensive.json,2025-11-19T08:52:18.389608
SWdisable_cpuintensive.json,2025-11-19T08:52:26.816027
SWdisable_cpuintensive.json,2025-11-19T08:52:35.297883
SWdisable_cpuintensive.json,2025-11-19T08:52:43.937932
SWdisable_cpuintensive.json,2025-11-19T08:52:52.451613
SWdisable_cpuintensive.json,2025-11-19T08:53:00.958321
SWdisable_cpuintensive.json,2025-11-19T08:53:09.404939
SWdisable_cpuintensive.json,2025-11-19T08:53:17.827789
SWdisable_cpuintensive.json,2025-11-19T08:53:26.291715
SWdisable_cpuintensive.json,2025-11-19T08:53:34.712453
SWdisable_cpuintensive.json,2025-11-19T08:53:43.178753
SWdisable_cpuintensive.json,2025-11-19T08:53:51.662498
SWdisable_cpuintensive.json,2025-11-19T08:54:00.115824
SWdisable_cpuintensive.json,2025-11-19T08:54:08.544341
SWdisable_cpuintensive.json,2025-11-19T08:54:17.100397
SWdisable_cpuintensive.json,2025-11-19T08:54:25.568093
SWdisable_cpuintensive.json,2025-11-19T08:54:33.996033
SWdisable_cpuintensive.json,2025-11-19T08:54:42.549119
SWdisable_cpuintensive.json,2025-11-19T08:54:51.073819
SWdisable_cpuintensive.json,2025-11-19T08:54:59.616423
SWdisable_cpuintensive.json,2025-11-19T08:55:08.271403
SWdisable_cpuintensive.json,2025-11-19T08:55:16.804810
SWdisable_cpuintensive.json,2025-11-19T08:55:25.398450
SWdisable_cpuintensive.json,2025-11-19T08:55:33.950083
SWdisable_cpuintensive.json,2025-11-19T08:55:42.567370
SWdisable_cpuintensive.json,2025-11-19T08:55:51.125548
SWdisable_cpuintensive.json,2025-11-19T08:55:59.705074
SWdisable_cpuintensive.json,2025-11-19T08:56:08.290159
SWdisable_cpuintensive.json,2025-11-19T08:56:16.834435
SWdisable_cpuintensive.json,2025-11-19T08:56:25.291733
SWdisable_cpuintensive.json,2025-11-19T08:56:33.873210
SWdisable_cpuintensive.json,2025-11-19T08:56:42.358917
SWdisable_cpuintensive.json,2025-11-19T08:56:50.803007
SWdisable_cpuintensive.json,2025-11-19T08:56:59.227803
SWdisable_cpuintensive.json,2025-11-19T08:57:07.685820
SWdisable_cpuintensive.json,2025-11-19T08:57:16.161750
SWdisable_cpuintensive.json,2025-11-19T08:57:24.629515
SWdisable_cpuintensive.json,2025-11-19T08:57:33.094270
SWdisable_cpuintensive.json,2025-11-19T08:57:41.565755
SWdisable_cpuintensive.json,2025-11-19T08:57:50.067406
SWdisable_cpuintensive.json,2025-11-19T08:57:58.505538
SWdisable_cpuintensive.json,2025-11-19T08:58:06.915776
SWdisable_cpuintensive.json,2025-11-19T08:58:15.337702
SWdisable_cpuintensive.json,2025-11-19T08:58:23.918085
SWdisable_cpuintensive.json,2025-11-19T08:58:32.373634
SWdisable_cpuintensive.json,2025-11-19T08:58:40.929649
SWdisable_cpuintensive.json,2025-11-19T08:58:49.395387
SWdisable_cpuintensive.json,2025-11-19T08:58:57.859752
SWdisable_cpuintensive.json,2025-11-19T08:59:06.372157
SWdisable_cpuintensive.json,2025-11-19T08:59:14.824062
SWdisable_cpuintensive.json,2025-11-19T08:59:23.221760
SWdisable_cpuintensive.json,2025-11-19T08:59:31.662600
SWdisable_cpuintensive.json,2025-11-19T08:59:40.090513
SWdisable_cpuintensive.json,2025-11-19T08:59:48.598334
SWdisable_cpuintensive.json,2025-11-19T08:59:57.051942
SWdisable_cpuintensive.json,2025-11-19T09:00:05.551924
SWdisable_cpuintensive.json,2025-11-19T09:00:14.029210
SWdisable_cpuintensive.json,2025-11-19T09:00:22.556471
SWdisable_cpuintensive.json,2025-11-19T09:00:30.960128
SWdisable_cpuintensive.json,2025-11-19T09:00:39.405657
SWdisable_cpuintensive.json,2025-11-19T09:00:47.891053
SWdisable_cpuintensive.json,2025-11-19T09:00:56.339565
SWdisable_cpuintensive.json,2025-11-19T09:01:04.907610
SWdisable_cpuintensive.json,2025-11-19T09:01:13.436242
SWdisable_cpuintensive.json,2025-11-19T09:01:22.015195
SWdisable_cpuintensive.json,2025-11-19T09:01:30.516368
SWdisable_cpuintensive.json,2025-11-19T09:01:39.103054
SWdisable_cpuintensive.json,2025-11-19T09:01:47.520773
SWdisable_cpuintensive.json,2025-11-19T09:01:56.031007
SWdisable_cpuintensive.json,2025-11-19T09:02:04.494965
SWdisable_cpuintensive.json,2025-11-19T09:02:12.983057
SWdisable_cpuintensive.json,2025-11-19T09:02:21.416183
SWdisable_cpuintensive.json,2025-11-19T09:02:29.876522
SWdisable_cpuintensive.json,2025-11-19T09:02:38.321896
SWdisable_cpuintensive.json,2025-11-19T09:02:46.871536
SWdisable_cpuintensive.json,2025-11-19T09:02:55.398069
SWdisable_cpuintensive.json,2025-11-19T09:03:03.846048
SWdisable_cpuintensive.json,2025-11-19T09:03:12.318912
SWdisable_cpuintensive.json,2025-11-19T09:03:20.819569
SWdisable_cpuintensive.json,2025-11-19T09:03:29.264153
SWdisable_cpuintensive.json,2025-11-19T09:03:37.789031
SWdisable_cpuintensive.json,2025-11-19T09:03:46.246875
SWdisable_cpuintensive.json,2025-11-19T09:03:54.695943
SWdisable_cpuintensive.json,2025-11-19T09:04:03.242193
SWdisable_cpuintensive.json,2025-11-19T09:04:11.702551
SWdisable_cpuintensive.json,2025-11-19T09:04:20.430572
SWdisable_cpuintensive.json,2025-11-19T09:04:28.957260
SWdisable_cpuintensive.json,2025-11-19T09:04:37.549310
SWdisable_cpuintensive.json,2025-11-19T09:04:46.010263
SWdisable_cpuintensive.json,2025-11-19T09:04:54.574462
